Workbook

Sheet Config
A1: Ultimo Aggiornamento | B1: 46172.128
A3: La colonna F è importante e colorata di azzurro perchè ha le formule per andare a prendere i risultati dalle annate precedenti, dopo averli calcolati è stato fatto copia e incolla valori, per non avere forumule inutili

Sheet Gestionale_
A1: Colonna 1 | B1: Giocatore | C1: Squadra Fantacalcio | D1: Squadra Serie A | E1: Ruolo | F1: Tipo contratto | G1: Data acquisto | H1: Scadenza ipotizzata | I1: Tipo Acquisto | J1: (*) Val Asteriscato | K1: SCAMBIO % ingaggio pagato | L1: Valore Acquisto (da leghe) | M1: FVM 25/26 o precedenti | N1: Ultimo FVM | O1: Valore 1 luglio | P1: Valore x Mercato 25/26 | Q1: Ingaggio 36 giornate | R1: Ingaggio reale | S1: Crediti ricevuti da acquisto/scambio | T1: Squadra Proprietaria Originale | U1: NOTE | V1: Colonna 22 | W1: Colonna 23 | X1: Colonna 24 | Y1: Colonna 25 | Z1: Colonna 26 | AA1: Colonna 27 | AB1: Colonna 28 | AC1: Colonna 29 | AD1: Colonna 30 | AE1: Colonna 31 | AF1: Colonna 32 | AG1: Colonna 33 | AH1: Colonna 34 | AI1: Colonna 35 | AJ1: Colonna 36 | AK1: Colonna 37 | AL1: Colonna 38 | AM1: Colonna 39
A2: =VLOOKUP(B2,FVM_update!A:B,2,0) -> 6593 | B2: Akinsanmiro | C2: AS Intomatici | D2: =VLOOKUP(B2,FVM_update!A:F,6,0) -> Pisa | E2: =VLOOKUP(B2,FVM_update!A:E,4,0) -> C;T | F2: Vivaio | G2: 45839 | H2: =IF(F2="Vivaio", DATE(2999, 12, 31), IF(F2="Standard", DATE(YEAR(G2)+1, MONTH(G2), DAY(G2)), IF(F2="Standard Inverno", DATE(2026, 7, 1), IF(OR(F2="Diritto 1+1", F2="Obbligo 1+1"), DATE(YEAR(G2)+2, MONTH(G2), DAY(G2)), IF(F2="Obbligo 1+2", DATE(YEAR(G2)+3, MONTH(G2), DAY(G2)), IF(OR(F2="Inverno Obbligo 1,5", F2="Inverno Diritto 0,5 + 1"), DATE(YEAR(G2)+1, MONTH(G2)+6, DAY(G2)), IF(F2="Inverno Obbligo 2,5", DATE(YEAR(G2)+2, MONTH(G2)+6, DAY(G2)), G2) ) ) ) ) ) ) -> 401768 | I2: Vivaio | J2: =VLOOKUP(A2,Asteriscati25!B:N,13,0) -> #N/A | L2: =VLOOKUP(B2,Rose!B:D,3,0) -> #REF! | M2: =VLOOKUP(B2,FVM_Asta2526!A:N,14,0) -> 13 | N2: =VLOOKUP(A2,FVM_update!B:N,13,0) -> 12 | O2: =VLOOKUP(B2,'FVM_1luglio-31luglio25'!D:Q,14,0) -> #N/A | P2: =IFERROR(N2,O2) -> 12 | Q2: =IF(OR(F2="Standard",F2="Standard Inverno"),CEILING((M2/10),0.5), IF(OR(F2="Diritto 1+1",M2="Inverno Diritto 0,5 + 1"),CEILING((M2/10)*1.3,0.5), CEILING((M2/10)*1.15,0.5))) -> 1.5 | R2: =IF(I2="vivaio", 0.5, IF(OR(I2="asta", I2="Svincolato riconferma anno corrente", I2="vivaio", I2="promosso da vivaio"), Q2, IF(OR(I2="asta riparazione", I2="Svincolato obbligo anno precedente", I2="Svincolo pausa invernale"), MAX(0.5, CEILING(Q2 / 2, 0.5)), IF(OR(I2="ceduto in prestito", I2="acquisito in prestito", I2="acquistato tit definitivo", I2="Ceduto tit definitivo"),CEILING(Q2 * K2, 0.5), IF(I2="asteriscato", "inserire a mano", "")))) ) -> 0.5
A3: =VLOOKUP(B3,FVM_update!A:B,2,0) -> 4772 | B3: ANGELINO | C3: AS Intomatici | D3: =VLOOKUP(B3,FVM_update!A:F,6,0) -> Roma | E3: =VLOOKUP(B3,FVM_update!A:E,4,0) -> E | F3: Standard | G3: 45839 | H3: =IF(F3="Vivaio", DATE(2999, 12, 31), IF(F3="Standard", DATE(YEAR(G3)+1, MONTH(G3), DAY(G3)), IF(F3="Standard Inverno", DATE(2026, 7, 1), IF(OR(F3="Diritto 1+1", F3="Obbligo 1+1"), DATE(YEAR(G3)+2, MONTH(G3), DAY(G3)), IF(F3="Obbligo 1+2", DATE(YEAR(G3)+3, MONTH(G3), DAY(G3)), IF(OR(F3="Inverno Obbligo 1,5", F3="Inverno Diritto 0,5 + 1"), DATE(YEAR(G3)+1, MONTH(G3)+6, DAY(G3)), IF(F3="Inverno Obbligo 2,5", DATE(YEAR(G3)+2, MONTH(G3)+6, DAY(G3)), G3) ) ) ) ) ) ) -> 46204 | I3: Svincolo pausa invernale | J3: =VLOOKUP(A3,Asteriscati25!B:N,13,0) -> #N/A | L3: =VLOOKUP(B3,Rose!B:D,3,0) -> #REF! | M3: =VLOOKUP(B3,FVM_Asta2526!A:N,14,0) -> 52 | N3: =VLOOKUP(A3,FVM_update!B:N,13,0) -> 10 | O3: =VLOOKUP(B3,'FVM_1luglio-31luglio25'!D:Q,14,0) -> 35 | P3: =IFERROR(N3,O3) -> 10 | Q3: =IF(OR(F3="Standard",F3="Standard Inverno"),CEILING((M3/10),0.5), IF(OR(F3="Diritto 1+1",M3="Inverno Diritto 0,5 + 1"),CEILING((M3/10)*1.3,0.5), CEILING((M3/10)*1.15,0.5))) -> 5.5 | R3: =IF(I3="vivaio", 0.5, IF(OR(I3="asta", I3="Svincolato riconferma anno corrente", I3="vivaio", I3="promosso da vivaio"), Q3, IF(OR(I3="asta riparazione", I3="Svincolato obbligo anno precedente", I3="Svincolo pausa invernale"), MAX(0.5, CEILING(Q3 / 2, 0.5)), IF(OR(I3="ceduto in prestito", I3="acquisito in prestito", I3="acquistato tit definitivo", I3="Ceduto tit definitivo"),CEILING(Q3 * K3, 0.5), IF(I3="asteriscato", "inserire a mano", "")))) ) -> 3
A4: =VLOOKUP(B4,FVM_update!A:B,2,0) -> 761 | B4: AUDERO | C4: AS Intomatici | D4: =VLOOKUP(B4,FVM_update!A:F,6,0) -> Cremonese | E4: =VLOOKUP(B4,FVM_update!A:E,4,0) -> Por | F4: Standard | G4: 45839 | H4: =IF(F4="Vivaio", DATE(2999, 12, 31), IF(F4="Standard", DATE(YEAR(G4)+1, MONTH(G4), DAY(G4)), IF(F4="Standard Inverno", DATE(2026, 7, 1), IF(OR(F4="Diritto 1+1", F4="Obbligo 1+1"), DATE(YEAR(G4)+2, MONTH(G4), DAY(G4)), IF(F4="Obbligo 1+2", DATE(YEAR(G4)+3, MONTH(G4), DAY(G4)), IF(OR(F4="Inverno Obbligo 1,5", F4="Inverno Diritto 0,5 + 1"), DATE(YEAR(G4)+1, MONTH(G4)+6, DAY(G4)), IF(F4="Inverno Obbligo 2,5", DATE(YEAR(G4)+2, MONTH(G4)+6, DAY(G4)), G4) ) ) ) ) ) ) -> 46204 | I4: Asta | J4: =VLOOKUP(A4,Asteriscati25!B:N,13,0) -> #N/A | L4: =VLOOKUP(B4,Rose!B:D,3,0) -> #REF! | M4: =VLOOKUP(B4,FVM_Asta2526!A:N,14,0) -> 13 | N4: =VLOOKUP(A4,FVM_update!B:N,13,0) -> 11 | O4: =VLOOKUP(B4,'FVM_1luglio-31luglio25'!D:Q,14,0) -> #N/A | P4: =IFERROR(N4,O4) -> 11 | Q4: =IF(OR(F4="Standard",F4="Standard Inverno"),CEILING((M4/10),0.5), IF(OR(F4="Diritto 1+1",M4="Inverno Diritto 0,5 + 1"),CEILING((M4/10)*1.3,0.5), CEILING((M4/10)*1.15,0.5))) -> 1.5 | R4: =IF(I4="vivaio", 0.5, IF(OR(I4="asta", I4="Svincolato riconferma anno corrente", I4="vivaio", I4="promosso da vivaio"), Q4, IF(OR(I4="asta riparazione", I4="Svincolato obbligo anno precedente", I4="Svincolo pausa invernale"), MAX(0.5, CEILING(Q4 / 2, 0.5)), IF(OR(I4="ceduto in prestito", I4="acquisito in prestito", I4="acquistato tit definitivo", I4="Ceduto tit definitivo"),CEILING(Q4 * K4, 0.5), IF(I4="asteriscato", "inserire a mano", "")))) ) -> 1.5
A5: =VLOOKUP(B5,FVM_update!A:B,2,0) -> 184 | B5: BERNARDESCHI | C5: AS Intomatici | D5: =VLOOKUP(B5,FVM_update!A:F,6,0) -> Bologna | E5: =VLOOKUP(B5,FVM_update!A:E,4,0) -> W;A | F5: Standard | G5: 45839 | H5: =IF(F5="Vivaio", DATE(2999, 12, 31), IF(F5="Standard", DATE(YEAR(G5)+1, MONTH(G5), DAY(G5)), IF(F5="Standard Inverno", DATE(2026, 7, 1), IF(OR(F5="Diritto 1+1", F5="Obbligo 1+1"), DATE(YEAR(G5)+2, MONTH(G5), DAY(G5)), IF(F5="Obbligo 1+2", DATE(YEAR(G5)+3, MONTH(G5), DAY(G5)), IF(OR(F5="Inverno Obbligo 1,5", F5="Inverno Diritto 0,5 + 1"), DATE(YEAR(G5)+1, MONTH(G5)+6, DAY(G5)), IF(F5="Inverno Obbligo 2,5", DATE(YEAR(G5)+2, MONTH(G5)+6, DAY(G5)), G5) ) ) ) ) ) ) -> 46204 | I5: Asta | J5: =VLOOKUP(A5,Asteriscati25!B:N,13,0) -> #N/A | L5: =VLOOKUP(B5,Rose!B:D,3,0) -> #REF! | M5: =VLOOKUP(B5,FVM_Asta2526!A:N,14,0) -> 22 | N5: =VLOOKUP(A5,FVM_update!B:N,13,0) -> 12 | O5: =VLOOKUP(B5,'FVM_1luglio-31luglio25'!D:Q,14,0) -> #N/A | P5: =IFERROR(N5,O5) -> 12 | Q5: =IF(OR(F5="Standard",F5="Standard Inverno"),CEILING((M5/10),0.5), IF(OR(F5="Diritto 1+1",M5="Inverno Diritto 0,5 + 1"),CEILING((M5/10)*1.3,0.5), CEILING((M5/10)*1.15,0.5))) -> 2.5 | R5: =IF(I5="vivaio", 0.5, IF(OR(I5="asta", I5="Svincolato riconferma anno corrente", I5="vivaio", I5="promosso da vivaio"), Q5, IF(OR(I5="asta riparazione", I5="Svincolato obbligo anno precedente", I5="Svincolo pausa invernale"), MAX(0.5, CEILING(Q5 / 2, 0.5)), IF(OR(I5="ceduto in prestito", I5="acquisito in prestito", I5="acquistato tit definitivo", I5="Ceduto tit definitivo"),CEILING(Q5 * K5, 0.5), IF(I5="asteriscato", "inserire a mano", "")))) ) -> 2.5
A6: =VLOOKUP(B6,FVM_update!A:B,2,0) -> 6495 | B6: Comuzzo | C6: AS Intomatici | D6: =VLOOKUP(B6,FVM_update!A:F,6,0) -> Fiorentina | E6: =VLOOKUP(B6,FVM_update!A:E,4,0) -> Dc | F6: Standard | G6: 45839 | H6: =IF(F6="Vivaio", DATE(2999, 12, 31), IF(F6="Standard", DATE(YEAR(G6)+1, MONTH(G6), DAY(G6)), IF(F6="Standard Inverno", DATE(2026, 7, 1), IF(OR(F6="Diritto 1+1", F6="Obbligo 1+1"), DATE(YEAR(G6)+2, MONTH(G6), DAY(G6)), IF(F6="Obbligo 1+2", DATE(YEAR(G6)+3, MONTH(G6), DAY(G6)), IF(OR(F6="Inverno Obbligo 1,5", F6="Inverno Diritto 0,5 + 1"), DATE(YEAR(G6)+1, MONTH(G6)+6, DAY(G6)), IF(F6="Inverno Obbligo 2,5", DATE(YEAR(G6)+2, MONTH(G6)+6, DAY(G6)), G6) ) ) ) ) ) ) -> 46204 | I6: Promosso da vivaio | J6: =VLOOKUP(A6,Asteriscati25!B:N,13,0) -> #N/A | K6: 0 | L6: =VLOOKUP(B6,Rose!B:D,3,0) -> #REF! | M6: =VLOOKUP(B6,FVM_Asta2526!A:N,14,0) -> 17 | N6: =VLOOKUP(A6,FVM_update!B:N,13,0) -> 16 | O6: =VLOOKUP(B6,'FVM_1luglio-31luglio25'!D:Q,14,0) -> 11 | P6: =IFERROR(N6,O6) -> 16 | Q6: =IF(OR(F6="Standard",F6="Standard Inverno"),CEILING((M6/10),0.5), IF(OR(F6="Diritto 1+1",M6="Inverno Diritto 0,5 + 1"),CEILING((M6/10)*1.3,0.5), CEILING((M6/10)*1.15,0.5))) -> 2 | R6: =IF(I6="vivaio", 0.5, IF(OR(I6="asta", I6="Svincolato riconferma anno corrente", I6="vivaio", I6="promosso da vivaio"), Q6, IF(OR(I6="asta riparazione", I6="Svincolato obbligo anno precedente", I6="Svincolo pausa invernale"), MAX(0.5, CEILING(Q6 / 2, 0.5)), IF(OR(I6="ceduto in prestito", I6="acquisito in prestito", I6="acquistato tit definitivo", I6="Ceduto tit definitivo"),CEILING(Q6 * K6, 0.5), IF(I6="asteriscato", "inserire a mano", "")))) ) -> 2
A7: =VLOOKUP(B7,FVM_update!A:B,2,0) -> #N/A | B7: Corazza | C7: AS Intomatici | D7: =VLOOKUP(B7,FVM_update!A:F,6,0) -> #N/A | E7: =VLOOKUP(B7,FVM_update!A:E,4,0) -> #N/A | F7: Vivaio | G7: 45474 | H7: =IF(F7="Vivaio", DATE(2999, 12, 31), IF(F7="Standard", DATE(YEAR(G7)+1, MONTH(G7), DAY(G7)), IF(F7="Standard Inverno", DATE(2026, 7, 1), IF(OR(F7="Diritto 1+1", F7="Obbligo 1+1"), DATE(YEAR(G7)+2, MONTH(G7), DAY(G7)), IF(F7="Obbligo 1+2", DATE(YEAR(G7)+3, MONTH(G7), DAY(G7)), IF(OR(F7="Inverno Obbligo 1,5", F7="Inverno Diritto 0,5 + 1"), DATE(YEAR(G7)+1, MONTH(G7)+6, DAY(G7)), IF(F7="Inverno Obbligo 2,5", DATE(YEAR(G7)+2, MONTH(G7)+6, DAY(G7)), G7) ) ) ) ) ) ) -> 401768 | I7: Vivaio | J7: =VLOOKUP(A7,Asteriscati25!B:N,13,0) -> #N/A | K7: 0 | L7: =VLOOKUP(B7,Rose!B:D,3,0) -> #REF! | M7: =VLOOKUP(B7,FVM_Asta2425!A:M,13,0) -> 1 | N7: =VLOOKUP(A7,FVM_update!B:N,13,0) -> #N/A | O7: =VLOOKUP(B7,'FVM_1luglio-31luglio25'!D:Q,14,0) -> #N/A | P7: 0 | Q7: =IF(OR(F7="Standard",F7="Standard Inverno"),CEILING((M7/10),0.5), IF(OR(F7="Diritto 1+1",M7="Inverno Diritto 0,5 + 1"),CEILING((M7/10)*1.3,0.5), CEILING((M7/10)*1.15,0.5))) -> 0.5 | R7: =IF(I7="vivaio", 0.5, IF(OR(I7="asta", I7="Svincolato riconferma anno corrente", I7="vivaio", I7="promosso da vivaio"), Q7, IF(OR(I7="asta riparazione", I7="Svincolato obbligo anno precedente", I7="Svincolo pausa invernale"), MAX(0.5, CEILING(Q7 / 2, 0.5)), IF(OR(I7="ceduto in prestito", I7="acquisito in prestito", I7="acquistato tit definitivo", I7="Ceduto tit definitivo"),CEILING(Q7 * K7, 0.5), IF(I7="asteriscato", "inserire a mano", "")))) ) -> 0.5
A8: =VLOOKUP(B8,FVM_update!A:B,2,0) -> 779 | B8: CRISTANTE | C8: AS Intomatici | D8: =VLOOKUP(B8,FVM_update!A:F,6,0) -> Roma | E8: =VLOOKUP(B8,FVM_update!A:E,4,0) -> M;C | F8: Standard | G8: 45839 | H8: =IF(F8="Vivaio", DATE(2999, 12, 31), IF(F8="Standard", DATE(YEAR(G8)+1, MONTH(G8), DAY(G8)), IF(F8="Standard Inverno", DATE(2026, 7, 1), IF(OR(F8="Diritto 1+1", F8="Obbligo 1+1"), DATE(YEAR(G8)+2, MONTH(G8), DAY(G8)), IF(F8="Obbligo 1+2", DATE(YEAR(G8)+3, MONTH(G8), DAY(G8)), IF(OR(F8="Inverno Obbligo 1,5", F8="Inverno Diritto 0,5 + 1"), DATE(YEAR(G8)+1, MONTH(G8)+6, DAY(G8)), IF(F8="Inverno Obbligo 2,5", DATE(YEAR(G8)+2, MONTH(G8)+6, DAY(G8)), G8) ) ) ) ) ) ) -> 46204 | I8: Asta | J8: =VLOOKUP(A8,Asteriscati25!B:N,13,0) -> #N/A | L8: =VLOOKUP(B8,Rose!B:D,3,0) -> #REF! | M8: =VLOOKUP(B8,FVM_Asta2526!A:N,14,0) -> 25 | N8: =VLOOKUP(A8,FVM_update!B:N,13,0) -> 33 | O8: =VLOOKUP(B8,'FVM_1luglio-31luglio25'!D:Q,14,0) -> 29 | P8: =IFERROR(N8,O8) -> 33 | Q8: =IF(OR(F8="Standard",F8="Standard Inverno"),CEILING((M8/10),0.5), IF(OR(F8="Diritto 1+1",M8="Inverno Diritto 0,5 + 1"),CEILING((M8/10)*1.3,0.5), CEILING((M8/10)*1.15,0.5))) -> 2.5 | R8: =IF(I8="vivaio", 0.5, IF(OR(I8="asta", I8="Svincolato riconferma anno corrente", I8="vivaio", I8="promosso da vivaio"), Q8, IF(OR(I8="asta riparazione", I8="Svincolato obbligo anno precedente", I8="Svincolo pausa invernale"), MAX(0.5, CEILING(Q8 / 2, 0.5)), IF(OR(I8="ceduto in prestito", I8="acquisito in prestito", I8="acquistato tit definitivo", I8="Ceduto tit definitivo"),CEILING(Q8 * K8, 0.5), IF(I8="asteriscato", "inserire a mano", "")))) ) -> 2.5
A9: =VLOOKUP(B9,FVM_update!A:B,2,0) -> 5544 | B9: DAVID | C9: AS Intomatici | D9: =VLOOKUP(B9,FVM_update!A:F,6,0) -> Juventus | E9: =VLOOKUP(B9,FVM_update!A:E,4,0) -> Pc | F9: Diritto 1+1 | G9: 45839 | H9: =IF(F9="Vivaio", DATE(2999, 12, 31), IF(F9="Standard", DATE(YEAR(G9)+1, MONTH(G9), DAY(G9)), IF(F9="Standard Inverno", DATE(2026, 7, 1), IF(OR(F9="Diritto 1+1", F9="Obbligo 1+1"), DATE(YEAR(G9)+2, MONTH(G9), DAY(G9)), IF(F9="Obbligo 1+2", DATE(YEAR(G9)+3, MONTH(G9), DAY(G9)), IF(OR(F9="Inverno Obbligo 1,5", F9="Inverno Diritto 0,5 + 1"), DATE(YEAR(G9)+1, MONTH(G9)+6, DAY(G9)), IF(F9="Inverno Obbligo 2,5", DATE(YEAR(G9)+2, MONTH(G9)+6, DAY(G9)), G9) ) ) ) ) ) ) -> 46569 | I9: Asta | J9: =VLOOKUP(A9,Asteriscati25!B:N,13,0) -> #N/A | L9: =VLOOKUP(B9,Rose!B:D,3,0) -> #REF! | M9: =VLOOKUP(B9,FVM_Asta2526!A:N,14,0) -> 266 | N9: =VLOOKUP(A9,FVM_update!B:N,13,0) -> 58 | O9: =VLOOKUP(B9,'FVM_1luglio-31luglio25'!D:Q,14,0) -> #N/A | P9: =IFERROR(N9,O9) -> 58 | Q9: =IF(OR(F9="Standard",F9="Standard Inverno"),CEILING((M9/10),0.5), IF(OR(F9="Diritto 1+1",M9="Inverno Diritto 0,5 + 1"),CEILING((M9/10)*1.3,0.5), CEILING((M9/10)*1.15,0.5))) -> 35 | R9: =IF(I9="vivaio", 0.5, IF(OR(I9="asta", I9="Svincolato riconferma anno corrente", I9="vivaio", I9="promosso da vivaio"), Q9, IF(OR(I9="asta riparazione", I9="Svincolato obbligo anno precedente", I9="Svincolo pausa invernale"), MAX(0.5, CEILING(Q9 / 2, 0.5)), IF(OR(I9="ceduto in prestito", I9="acquisito in prestito", I9="acquistato tit definitivo", I9="Ceduto tit definitivo"),CEILING(Q9 * K9, 0.5), IF(I9="asteriscato", "inserire a mano", "")))) ) -> 35
A10: =VLOOKUP(B10,FVM_update!A:B,2,0) -> 5995 | B10: DE KETELAERE | C10: AS Intomatici | D10: =VLOOKUP(B10,FVM_update!A:F,6,0) -> Atalanta | E10: =VLOOKUP(B10,FVM_update!A:E,4,0) -> A | F10: Standard | G10: 45839 | H10: =IF(F10="Vivaio", DATE(2999, 12, 31), IF(F10="Standard", DATE(YEAR(G10)+1, MONTH(G10), DAY(G10)), IF(F10="Standard Inverno", DATE(2026, 7, 1), IF(OR(F10="Diritto 1+1", F10="Obbligo 1+1"), DATE(YEAR(G10)+2, MONTH(G10), DAY(G10)), IF(F10="Obbligo 1+2", DATE(YEAR(G10)+3, MONTH(G10), DAY(G10)), IF(OR(F10="Inverno Obbligo 1,5", F10="Inverno Diritto 0,5 + 1"), DATE(YEAR(G10)+1, MONTH(G10)+6, DAY(G10)), IF(F10="Inverno Obbligo 2,5", DATE(YEAR(G10)+2, MONTH(G10)+6, DAY(G10)), G10) ) ) ) ) ) ) -> 46204 | I10: Asta | J10: =VLOOKUP(A10,Asteriscati25!B:N,13,0) -> #N/A | L10: =VLOOKUP(B10,Rose!B:D,3,0) -> #REF! | M10: =VLOOKUP(B10,FVM_Asta2526!A:N,14,0) -> 142 | N10: =VLOOKUP(A10,FVM_update!B:N,13,0) -> 86 | O10: =VLOOKUP(B10,'FVM_1luglio-31luglio25'!D:Q,14,0) -> 110 | P10: =IFERROR(N10,O10) -> 86 | Q10: =IF(OR(F10="Standard",F10="Standard Inverno"),CEILING((M10/10),0.5), IF(OR(F10="Diritto 1+1",M10="Inverno Diritto 0,5 + 1"),CEILING((M10/10)*1.3,0.5), CEILING((M10/10)*1.15,0.5))) -> 14.5 | R10: =IF(I10="vivaio", 0.5, IF(OR(I10="asta", I10="Svincolato riconferma anno corrente", I10="vivaio", I10="promosso da vivaio"), Q10, IF(OR(I10="asta riparazione", I10="Svincolato obbligo anno precedente", I10="Svincolo pausa invernale"), MAX(0.5, CEILING(Q10 / 2, 0.5)), IF(OR(I10="ceduto in prestito", I10="acquisito in prestito", I10="acquistato tit definitivo", I10="Ceduto tit definitivo"),CEILING(Q10 * K10, 0.5), IF(I10="asteriscato", "inserire a mano", "")))) ) -> 14.5
A11: =VLOOKUP(B11,FVM_update!A:B,2,0) -> 22 | B11: DE ROON | C11: AS Intomatici | D11: =VLOOKUP(B11,FVM_update!A:F,6,0) -> Atalanta | E11: =VLOOKUP(B11,FVM_update!A:E,4,0) -> M;C | F11: Standard | G11: 45839 | H11: =IF(F11="Vivaio", DATE(2999, 12, 31), IF(F11="Standard", DATE(YEAR(G11)+1, MONTH(G11), DAY(G11)), IF(F11="Standard Inverno", DATE(2026, 7, 1), IF(OR(F11="Diritto 1+1", F11="Obbligo 1+1"), DATE(YEAR(G11)+2, MONTH(G11), DAY(G11)), IF(F11="Obbligo 1+2", DATE(YEAR(G11)+3, MONTH(G11), DAY(G11)), IF(OR(F11="Inverno Obbligo 1,5", F11="Inverno Diritto 0,5 + 1"), DATE(YEAR(G11)+1, MONTH(G11)+6, DAY(G11)), IF(F11="Inverno Obbligo 2,5", DATE(YEAR(G11)+2, MONTH(G11)+6, DAY(G11)), G11) ) ) ) ) ) ) -> 46204 | I11: Asta | J11: =VLOOKUP(A11,Asteriscati25!B:N,13,0) -> #N/A | L11: =VLOOKUP(B11,Rose!B:D,3,0) -> #REF! | M11: =VLOOKUP(B11,FVM_Asta2526!A:N,14,0) -> 37 | N11: =VLOOKUP(A11,FVM_update!B:N,13,0) -> 39 | O11: =VLOOKUP(B11,'FVM_1luglio-31luglio25'!D:Q,14,0) -> 32 | P11: =IFERROR(N11,O11) -> 39 | Q11: =IF(OR(F11="Standard",F11="Standard Inverno"),CEILING((M11/10),0.5), IF(OR(F11="Diritto 1+1",M11="Inverno Diritto 0,5 + 1"),CEILING((M11/10)*1.3,0.5), CEILING((M11/10)*1.15,0.5))) -> 4 | R11: =IF(I11="vivaio", 0.5, IF(OR(I11="asta", I11="Svincolato riconferma anno corrente", I11="vivaio", I11="promosso da vivaio"), Q11, IF(OR(I11="asta riparazione", I11="Svincolato obbligo anno precedente", I11="Svincolo pausa invernale"), MAX(0.5, CEILING(Q11 / 2, 0.5)), IF(OR(I11="ceduto in prestito", I11="acquisito in prestito", I11="acquistato tit definitivo", I11="Ceduto tit definitivo"),CEILING(Q11 * K11, 0.5), IF(I11="asteriscato", "inserire a mano", "")))) ) -> 4
A12: =VLOOKUP(B12,FVM_update!A:B,2,0) -> 2816 | B12: DI LORENZO | C12: AS Intomatici | D12: =VLOOKUP(B12,FVM_update!A:F,6,0) -> Napoli | E12: =VLOOKUP(B12,FVM_update!A:E,4,0) -> Dd;E | F12: Obbligo 1+2 | G12: 45839 | H12: =IF(F12="Vivaio", DATE(2999, 12, 31), IF(F12="Standard", DATE(YEAR(G12)+1, MONTH(G12), DAY(G12)), IF(F12="Standard Inverno", DATE(2026, 7, 1), IF(OR(F12="Diritto 1+1", F12="Obbligo 1+1"), DATE(YEAR(G12)+2, MONTH(G12), DAY(G12)), IF(F12="Obbligo 1+2", DATE(YEAR(G12)+3, MONTH(G12), DAY(G12)), IF(OR(F12="Inverno Obbligo 1,5", F12="Inverno Diritto 0,5 + 1"), DATE(YEAR(G12)+1, MONTH(G12)+6, DAY(G12)), IF(F12="Inverno Obbligo 2,5", DATE(YEAR(G12)+2, MONTH(G12)+6, DAY(G12)), G12) ) ) ) ) ) ) -> 46935 | I12: Asta | J12: =VLOOKUP(A12,Asteriscati25!B:N,13,0) -> #N/A | L12: =VLOOKUP(B12,Rose!B:D,3,0) -> #REF! | M12: =VLOOKUP(B12,FVM_Asta2526!A:N,14,0) -> 53 | N12: =VLOOKUP(A12,FVM_update!B:N,13,0) -> 37 | O12: =VLOOKUP(B12,'FVM_1luglio-31luglio25'!D:Q,14,0) -> 76 | P12: =IFERROR(N12,O12) -> 37 | Q12: =IF(OR(F12="Standard",F12="Standard Inverno"),CEILING((M12/10),0.5), IF(OR(F12="Diritto 1+1",M12="Inverno Diritto 0,5 + 1"),CEILING((M12/10)*1.3,0.5), CEILING((M12/10)*1.15,0.5))) -> 6.5 | R12: =IF(I12="vivaio", 0.5, IF(OR(I12="asta", I12="Svincolato riconferma anno corrente", I12="vivaio", I12="promosso da vivaio"), Q12, IF(OR(I12="asta riparazione", I12="Svincolato obbligo anno precedente", I12="Svincolo pausa invernale"), MAX(0.5, CEILING(Q12 / 2, 0.5)), IF(OR(I12="ceduto in prestito", I12="acquisito in prestito", I12="acquistato tit definitivo", I12="Ceduto tit definitivo"),CEILING(Q12 * K12, 0.5), IF(I12="asteriscato", "inserire a mano", "")))) ) -> 6.5
A13: =VLOOKUP(B13,FVM_update!A:B,2,0) -> 5851 | B13: DOIG | C13: AS Intomatici | D13: =VLOOKUP(B13,FVM_update!A:F,6,0) -> Sassuolo | E13: =VLOOKUP(B13,FVM_update!A:E,4,0) -> Ds;E | F13: Standard | G13: 45839 | H13: =IF(F13="Vivaio", DATE(2999, 12, 31), IF(F13="Standard", DATE(YEAR(G13)+1, MONTH(G13), DAY(G13)), IF(F13="Standard Inverno", DATE(2026, 7, 1), IF(OR(F13="Diritto 1+1", F13="Obbligo 1+1"), DATE(YEAR(G13)+2, MONTH(G13), DAY(G13)), IF(F13="Obbligo 1+2", DATE(YEAR(G13)+3, MONTH(G13), DAY(G13)), IF(OR(F13="Inverno Obbligo 1,5", F13="Inverno Diritto 0,5 + 1"), DATE(YEAR(G13)+1, MONTH(G13)+6, DAY(G13)), IF(F13="Inverno Obbligo 2,5", DATE(YEAR(G13)+2, MONTH(G13)+6, DAY(G13)), G13) ) ) ) ) ) ) -> 46204 | I13: Asta | J13: =VLOOKUP(A13,Asteriscati25!B:N,13,0) -> #N/A | L13: =VLOOKUP(B13,Rose!B:D,3,0) -> #REF! | M13: =VLOOKUP(B13,FVM_Asta2526!A:N,14,0) -> 17 | N13: =VLOOKUP(A13,FVM_update!B:N,13,0) -> 14 | O13: =VLOOKUP(B13,'FVM_1luglio-31luglio25'!D:Q,14,0) -> #N/A | P13: =IFERROR(N13,O13) -> 14 | Q13: =IF(OR(F13="Standard",F13="Standard Inverno"),CEILING((M13/10),0.5), IF(OR(F13="Diritto 1+1",M13="Inverno Diritto 0,5 + 1"),CEILING((M13/10)*1.3,0.5), CEILING((M13/10)*1.15,0.5))) -> 2 | R13: =IF(I13="vivaio", 0.5, IF(OR(I13="asta", I13="Svincolato riconferma anno corrente", I13="vivaio", I13="promosso da vivaio"), Q13, IF(OR(I13="asta riparazione", I13="Svincolato obbligo anno precedente", I13="Svincolo pausa invernale"), MAX(0.5, CEILING(Q13 / 2, 0.5)), IF(OR(I13="ceduto in prestito", I13="acquisito in prestito", I13="acquistato tit definitivo", I13="Ceduto tit definitivo"),CEILING(Q13 * K13, 0.5), IF(I13="asteriscato", "inserire a mano", "")))) ) -> 2
A14: =VLOOKUP(B14,FVM_update!A:B,2,0) -> 6047 | B14: EHIZIBUE | C14: AS Intomatici | D14: =VLOOKUP(B14,FVM_update!A:F,6,0) -> Udinese | E14: =VLOOKUP(B14,FVM_update!A:E,4,0) -> Dd;E | F14: Standard | G14: 45839 | H14: =IF(F14="Vivaio", DATE(2999, 12, 31), IF(F14="Standard", DATE(YEAR(G14)+1, MONTH(G14), DAY(G14)), IF(F14="Standard Inverno", DATE(2026, 7, 1), IF(OR(F14="Diritto 1+1", F14="Obbligo 1+1"), DATE(YEAR(G14)+2, MONTH(G14), DAY(G14)), IF(F14="Obbligo 1+2", DATE(YEAR(G14)+3, MONTH(G14), DAY(G14)), IF(OR(F14="Inverno Obbligo 1,5", F14="Inverno Diritto 0,5 + 1"), DATE(YEAR(G14)+1, MONTH(G14)+6, DAY(G14)), IF(F14="Inverno Obbligo 2,5", DATE(YEAR(G14)+2, MONTH(G14)+6, DAY(G14)), G14) ) ) ) ) ) ) -> 46204 | I14: Asta | J14: =VLOOKUP(A14,Asteriscati25!B:N,13,0) -> #N/A | L14: =VLOOKUP(B14,Rose!B:D,3,0) -> #REF! | M14: =VLOOKUP(B14,FVM_Asta2526!A:N,14,0) -> 15 | N14: =VLOOKUP(A14,FVM_update!B:N,13,0) -> 8 | O14: =VLOOKUP(B14,'FVM_1luglio-31luglio25'!D:Q,14,0) -> 9 | P14: =IFERROR(N14,O14) -> 8 | Q14: =IF(OR(F14="Standard",F14="Standard Inverno"),CEILING((M14/10),0.5), IF(OR(F14="Diritto 1+1",M14="Inverno Diritto 0,5 + 1"),CEILING((M14/10)*1.3,0.5), CEILING((M14/10)*1.15,0.5))) -> 1.5 | R14: =IF(I14="vivaio", 0.5, IF(OR(I14="asta", I14="Svincolato riconferma anno corrente", I14="vivaio", I14="promosso da vivaio"), Q14, IF(OR(I14="asta riparazione", I14="Svincolato obbligo anno precedente", I14="Svincolo pausa invernale"), MAX(0.5, CEILING(Q14 / 2, 0.5)), IF(OR(I14="ceduto in prestito", I14="acquisito in prestito", I14="acquistato tit definitivo", I14="Ceduto tit definitivo"),CEILING(Q14 * K14, 0.5), IF(I14="asteriscato", "inserire a mano", "")))) ) -> 1.5
A15: =VLOOKUP(B15,FVM_update!A:B,2,0) -> 4463 | B15: ESPOSITO SE. | C15: AS Intomatici | D15: =VLOOKUP(B15,FVM_update!A:F,6,0) -> Cagliari | E15: =VLOOKUP(B15,FVM_update!A:E,4,0) -> A | F15: Standard | G15: 45839 | H15: =IF(F15="Vivaio", DATE(2999, 12, 31), IF(F15="Standard", DATE(YEAR(G15)+1, MONTH(G15), DAY(G15)), IF(F15="Standard Inverno", DATE(2026, 7, 1), IF(OR(F15="Diritto 1+1", F15="Obbligo 1+1"), DATE(YEAR(G15)+2, MONTH(G15), DAY(G15)), IF(F15="Obbligo 1+2", DATE(YEAR(G15)+3, MONTH(G15), DAY(G15)), IF(OR(F15="Inverno Obbligo 1,5", F15="Inverno Diritto 0,5 + 1"), DATE(YEAR(G15)+1, MONTH(G15)+6, DAY(G15)), IF(F15="Inverno Obbligo 2,5", DATE(YEAR(G15)+2, MONTH(G15)+6, DAY(G15)), G15) ) ) ) ) ) ) -> 46204 | I15: Asta | J15: =VLOOKUP(A15,Asteriscati25!B:N,13,0) -> #N/A | L15: =VLOOKUP(B15,Rose!B:D,3,0) -> #REF! | M15: =VLOOKUP(B15,FVM_Asta2526!A:N,14,0) -> 66 | N15: =VLOOKUP(A15,FVM_update!B:N,13,0) -> 57 | O15: =VLOOKUP(B15,'FVM_1luglio-31luglio25'!D:Q,14,0) -> 26 | P15: =IFERROR(N15,O15) -> 57 | Q15: =IF(OR(F15="Standard",F15="Standard Inverno"),CEILING((M15/10),0.5), IF(OR(F15="Diritto 1+1",M15="Inverno Diritto 0,5 + 1"),CEILING((M15/10)*1.3,0.5), CEILING((M15/10)*1.15,0.5))) -> 7 | R15: =IF(I15="vivaio", 0.5, IF(OR(I15="asta", I15="Svincolato riconferma anno corrente", I15="vivaio", I15="promosso da vivaio"), Q15, IF(OR(I15="asta riparazione", I15="Svincolato obbligo anno precedente", I15="Svincolo pausa invernale"), MAX(0.5, CEILING(Q15 / 2, 0.5)), IF(OR(I15="ceduto in prestito", I15="acquisito in prestito", I15="acquistato tit definitivo", I15="Ceduto tit definitivo"),CEILING(Q15 * K15, 0.5), IF(I15="asteriscato", "inserire a mano", "")))) ) -> 7
A16: =VLOOKUP(B16,FVM_update!A:B,2,0) -> 6046 | B16: HIEN | C16: AS Intomatici | D16: =VLOOKUP(B16,FVM_update!A:F,6,0) -> Atalanta | E16: =VLOOKUP(B16,FVM_update!A:E,4,0) -> Dc | F16: Standard | G16: 45839 | H16: =IF(F16="Vivaio", DATE(2999, 12, 31), IF(F16="Standard", DATE(YEAR(G16)+1, MONTH(G16), DAY(G16)), IF(F16="Standard Inverno", DATE(2026, 7, 1), IF(OR(F16="Diritto 1+1", F16="Obbligo 1+1"), DATE(YEAR(G16)+2, MONTH(G16), DAY(G16)), IF(F16="Obbligo 1+2", DATE(YEAR(G16)+3, MONTH(G16), DAY(G16)), IF(OR(F16="Inverno Obbligo 1,5", F16="Inverno Diritto 0,5 + 1"), DATE(YEAR(G16)+1, MONTH(G16)+6, DAY(G16)), IF(F16="Inverno Obbligo 2,5", DATE(YEAR(G16)+2, MONTH(G16)+6, DAY(G16)), G16) ) ) ) ) ) ) -> 46204 | I16: Asta | J16: =VLOOKUP(A16,Asteriscati25!B:N,13,0) -> #N/A | L16: =VLOOKUP(B16,Rose!B:D,3,0) -> #REF! | M16: =VLOOKUP(B16,FVM_Asta2526!A:N,14,0) -> 34 | N16: =VLOOKUP(A16,FVM_update!B:N,13,0) -> 21 | O16: =VLOOKUP(B16,'FVM_1luglio-31luglio25'!D:Q,14,0) -> 20 | P16: =IFERROR(N16,O16) -> 21 | Q16: =IF(OR(F16="Standard",F16="Standard Inverno"),CEILING((M16/10),0.5), IF(OR(F16="Diritto 1+1",M16="Inverno Diritto 0,5 + 1"),CEILING((M16/10)*1.3,0.5), CEILING((M16/10)*1.15,0.5))) -> 3.5 | R16: =IF(I16="vivaio", 0.5, IF(OR(I16="asta", I16="Svincolato riconferma anno corrente", I16="vivaio", I16="promosso da vivaio"), Q16, IF(OR(I16="asta riparazione", I16="Svincolato obbligo anno precedente", I16="Svincolo pausa invernale"), MAX(0.5, CEILING(Q16 / 2, 0.5)), IF(OR(I16="ceduto in prestito", I16="acquisito in prestito", I16="acquistato tit definitivo", I16="Ceduto tit definitivo"),CEILING(Q16 * K16, 0.5), IF(I16="asteriscato", "inserire a mano", "")))) ) -> 3.5
A17: =VLOOKUP(B17,FVM_update!A:B,2,0) -> 5850 | B17: Lovric | C17: AS Intomatici | D17: =VLOOKUP(B17,FVM_update!A:F,6,0) -> Verona | E17: =VLOOKUP(B17,FVM_update!A:E,4,0) -> C | F17: =VLOOKUP(B17,'situazione contratti estate 24'!A:I,9,0) -> Obbligo 1+2 | G17: 45108 | H17: =IF(F17="Vivaio", DATE(2999, 12, 31), IF(F17="Standard", DATE(YEAR(G17)+1, MONTH(G17), DAY(G17)), IF(F17="Standard Inverno", DATE(2026, 7, 1), IF(OR(F17="Diritto 1+1", F17="Obbligo 1+1"), DATE(YEAR(G17)+2, MONTH(G17), DAY(G17)), IF(F17="Obbligo 1+2", DATE(YEAR(G17)+3, MONTH(G17), DAY(G17)), IF(OR(F17="Inverno Obbligo 1,5", F17="Inverno Diritto 0,5 + 1"), DATE(YEAR(G17)+1, MONTH(G17)+6, DAY(G17)), IF(F17="Inverno Obbligo 2,5", DATE(YEAR(G17)+2, MONTH(G17)+6, DAY(G17)), G17) ) ) ) ) ) ) -> 46204 | I17: Svincolato riconferma anno corrente | J17: =VLOOKUP(A17,Asteriscati25!B:N,13,0) -> #N/A | K17: 0 | L17: =VLOOKUP(B17,Rose!B:D,3,0) -> #REF! | M17: =VLOOKUP(B17,FVM_Asta2324!C:M,11,0) -> 53 | N17: =VLOOKUP(A17,FVM_update!B:N,13,0) -> 12 | O17: =VLOOKUP(B17,'FVM_1luglio-31luglio25'!D:Q,14,0) -> 22 | P17: =IFERROR(N17,O17) -> 12 | Q17: =IF(OR(F17="Standard",F17="Standard Inverno"),CEILING((M17/10),0.5), IF(OR(F17="Diritto 1+1",M17="Inverno Diritto 0,5 + 1"),CEILING((M17/10)*1.3,0.5), CEILING((M17/10)*1.15,0.5))) -> 6.5 | R17: =IF(I17="vivaio", 0.5, IF(OR(I17="asta", I17="Svincolato riconferma anno corrente", I17="vivaio", I17="promosso da vivaio"), Q17, IF(OR(I17="asta riparazione", I17="Svincolato obbligo anno precedente", I17="Svincolo pausa invernale"), MAX(0.5, CEILING(Q17 / 2, 0.5)), IF(OR(I17="ceduto in prestito", I17="acquisito in prestito", I17="acquistato tit definitivo", I17="Ceduto tit definitivo"),CEILING(Q17 * K17, 0.5), IF(I17="asteriscato", "inserire a mano", "")))) ) -> 6.5
A18: =VLOOKUP(B18,FVM_update!A:B,2,0) -> 6215 | B18: Lucca | C18: AS Intomatici | D18: =VLOOKUP(B18,FVM_update!A:F,6,0) -> Napoli | E18: =VLOOKUP(B18,FVM_update!A:E,4,0) -> Pc | F18: Obbligo 1+1 | G18: 45474 | H18: =IF(F18="Vivaio", DATE(2999, 12, 31), IF(F18="Standard", DATE(YEAR(G18)+1, MONTH(G18), DAY(G18)), IF(F18="Standard Inverno", DATE(2026, 7, 1), IF(OR(F18="Diritto 1+1", F18="Obbligo 1+1"), DATE(YEAR(G18)+2, MONTH(G18), DAY(G18)), IF(F18="Obbligo 1+2", DATE(YEAR(G18)+3, MONTH(G18), DAY(G18)), IF(OR(F18="Inverno Obbligo 1,5", F18="Inverno Diritto 0,5 + 1"), DATE(YEAR(G18)+1, MONTH(G18)+6, DAY(G18)), IF(F18="Inverno Obbligo 2,5", DATE(YEAR(G18)+2, MONTH(G18)+6, DAY(G18)), G18) ) ) ) ) ) ) -> 46204 | I18: Svincolato obbligo anno precedente | J18: =VLOOKUP(A18,Asteriscati25!B:N,13,0) -> #N/A | K18: 0 | L18: =VLOOKUP(B18,Rose!B:D,3,0) -> #REF! | M18: =VLOOKUP(B18,FVM_Asta2425!A:M,13,0) -> 68 | N18: =VLOOKUP(A18,#REF!,13,0) -> #REF! | O18: =VLOOKUP(B18,'FVM_1luglio-31luglio25'!D:Q,14,0) -> 78 | P18: =IFERROR(N18,O18) -> 78 | Q18: =IF(OR(F18="Standard",F18="Standard Inverno"),CEILING((M18/10),0.5), IF(OR(F18="Diritto 1+1",M18="Inverno Diritto 0,5 + 1"),CEILING((M18/10)*1.3,0.5), CEILING((M18/10)*1.15,0.5))) -> 8 | R18: =IF(OR(I18="asta", I18="Svincolato riconferma anno corrente", I18="vivaio"), Q18, IF(OR(I18="asta riparazione", I18="Svincolato obbligo anno precedente", I18="Svincolo pausa invernale"), MAX(0.5, CEILING(Q18 / 2, 0.5)), IF(OR(I18="ceduto in prestito", I18="acquisito in prestito", I18="acquistato tit definitivo", I18="Ceduto tit definitivo"),CEILING(Q18 * K18, 0.5), IF(I18="asteriscato", "inserire a mano", "")))) -> 4
A19: =VLOOKUP(B19,FVM_update!A:B,2,0) -> 6042 | B19: LUCUMì | C19: AS Intomatici | D19: =VLOOKUP(B19,FVM_update!A:F,6,0) -> Bologna | E19: =VLOOKUP(B19,FVM_update!A:E,4,0) -> Dc | F19: Standard | G19: 45839 | H19: =IF(F19="Vivaio", DATE(2999, 12, 31), IF(F19="Standard", DATE(YEAR(G19)+1, MONTH(G19), DAY(G19)), IF(F19="Standard Inverno", DATE(2026, 7, 1), IF(OR(F19="Diritto 1+1", F19="Obbligo 1+1"), DATE(YEAR(G19)+2, MONTH(G19), DAY(G19)), IF(F19="Obbligo 1+2", DATE(YEAR(G19)+3, MONTH(G19), DAY(G19)), IF(OR(F19="Inverno Obbligo 1,5", F19="Inverno Diritto 0,5 + 1"), DATE(YEAR(G19)+1, MONTH(G19)+6, DAY(G19)), IF(F19="Inverno Obbligo 2,5", DATE(YEAR(G19)+2, MONTH(G19)+6, DAY(G19)), G19) ) ) ) ) ) ) -> 46204 | I19: Asta | J19: =VLOOKUP(A19,Asteriscati25!B:N,13,0) -> #N/A | L19: =VLOOKUP(B19,Rose!B:D,3,0) -> #REF! | M19: =VLOOKUP(B19,FVM_Asta2526!A:N,14,0) -> 21 | N19: =VLOOKUP(A19,FVM_update!B:N,13,0) -> 12 | O19: =VLOOKUP(B19,'FVM_1luglio-31luglio25'!D:Q,14,0) -> #N/A | P19: =IFERROR(N19,O19) -> 12 | Q19: =IF(OR(F19="Standard",F19="Standard Inverno"),CEILING((M19/10),0.5), IF(OR(F19="Diritto 1+1",M19="Inverno Diritto 0,5 + 1"),CEILING((M19/10)*1.3,0.5), CEILING((M19/10)*1.15,0.5))) -> 2.5 | R19: =IF(I19="vivaio", 0.5, IF(OR(I19="asta", I19="Svincolato riconferma anno corrente", I19="vivaio", I19="promosso da vivaio"), Q19, IF(OR(I19="asta riparazione", I19="Svincolato obbligo anno precedente", I19="Svincolo pausa invernale"), MAX(0.5, CEILING(Q19 / 2, 0.5)), IF(OR(I19="ceduto in prestito", I19="acquisito in prestito", I19="acquistato tit definitivo", I19="Ceduto tit definitivo"),CEILING(Q19 * K19, 0.5), IF(I19="asteriscato", "inserire a mano", "")))) ) -> 2.5
A20: =VLOOKUP(B20,FVM_update!A:B,2,0) -> 2296 | B20: Mancini | C20: AS Intomatici | D20: =VLOOKUP(B20,FVM_update!A:F,6,0) -> Roma | E20: =VLOOKUP(B20,FVM_update!A:E,4,0) -> Dc | F20: Obbligo 1+1 | G20: 45474 | H20: =IF(F20="Vivaio", DATE(2999, 12, 31), IF(F20="Standard", DATE(YEAR(G20)+1, MONTH(G20), DAY(G20)), IF(F20="Standard Inverno", DATE(2026, 7, 1), IF(OR(F20="Diritto 1+1", F20="Obbligo 1+1"), DATE(YEAR(G20)+2, MONTH(G20), DAY(G20)), IF(F20="Obbligo 1+2", DATE(YEAR(G20)+3, MONTH(G20), DAY(G20)), IF(OR(F20="Inverno Obbligo 1,5", F20="Inverno Diritto 0,5 + 1"), DATE(YEAR(G20)+1, MONTH(G20)+6, DAY(G20)), IF(F20="Inverno Obbligo 2,5", DATE(YEAR(G20)+2, MONTH(G20)+6, DAY(G20)), G20) ) ) ) ) ) ) -> 46204 | I20: Ceduto in prestito | J20: =VLOOKUP(A20,Asteriscati25!B:N,13,0) -> #N/A | K20: 0 | L20: =VLOOKUP(B20,Rose!B:D,3,0) -> #REF! | M20: =VLOOKUP(B20,FVM_Asta2425!A:M,13,0) -> 26 | N20: =VLOOKUP(A20,FVM_update!B:N,13,0) -> 39 | O20: =VLOOKUP(B20,'FVM_1luglio-31luglio25'!D:Q,14,0) -> 27 | P20: =IFERROR(N20,O20) -> 39 | Q20: =IF(OR(F20="Standard",F20="Standard Inverno"),CEILING((M20/10),0.5), IF(OR(F20="Diritto 1+1",M20="Inverno Diritto 0,5 + 1"),CEILING((M20/10)*1.3,0.5), CEILING((M20/10)*1.15,0.5))) -> 3 | R20: =IF(I20="vivaio", 0.5, IF(OR(I20="asta", I20="Svincolato riconferma anno corrente", I20="vivaio", I20="promosso da vivaio"), Q20, IF(OR(I20="asta riparazione", I20="Svincolato obbligo anno precedente", I20="Svincolo pausa invernale"), MAX(0.5, CEILING(Q20 / 2, 0.5)), IF(OR(I20="ceduto in prestito", I20="acquisito in prestito", I20="acquistato tit definitivo", I20="Ceduto tit definitivo"),CEILING(Q20 * K20, 0.5), IF(I20="asteriscato", "inserire a mano", "")))) ) -> 0
A21: =VLOOKUP(B21,FVM_update!A:B,2,0) -> 4734 | B21: Miranda J. | C21: AS Intomatici | D21: =VLOOKUP(B21,FVM_update!A:F,6,0) -> Bologna | E21: =VLOOKUP(B21,FVM_update!A:E,4,0) -> Ds;E | F21: Diritto 1+1 | G21: 45474 | H21: =IF(F21="Vivaio", DATE(2999, 12, 31), IF(F21="Standard", DATE(YEAR(G21)+1, MONTH(G21), DAY(G21)), IF(F21="Standard Inverno", DATE(2026, 7, 1), IF(OR(F21="Diritto 1+1", F21="Obbligo 1+1"), DATE(YEAR(G21)+2, MONTH(G21), DAY(G21)), IF(F21="Obbligo 1+2", DATE(YEAR(G21)+3, MONTH(G21), DAY(G21)), IF(OR(F21="Inverno Obbligo 1,5", F21="Inverno Diritto 0,5 + 1"), DATE(YEAR(G21)+1, MONTH(G21)+6, DAY(G21)), IF(F21="Inverno Obbligo 2,5", DATE(YEAR(G21)+2, MONTH(G21)+6, DAY(G21)), G21) ) ) ) ) ) ) -> 46204 | I21: Asta | J21: =VLOOKUP(A21,Asteriscati25!B:N,13,0) -> #N/A | K21: 0 | L21: =VLOOKUP(B21,Rose!B:D,3,0) -> #REF! | M21: =VLOOKUP(B21,FVM_Asta2425!A:M,13,0) -> 16 | N21: =VLOOKUP(A21,FVM_update!B:N,13,0) -> 13 | O21: =VLOOKUP(B21,'FVM_1luglio-31luglio25'!D:Q,14,0) -> 21 | P21: =IFERROR(N21,O21) -> 13 | Q21: =IF(OR(F21="Standard",F21="Standard Inverno"),CEILING((M21/10),0.5), IF(OR(F21="Diritto 1+1",M21="Inverno Diritto 0,5 + 1"),CEILING((M21/10)*1.3,0.5), CEILING((M21/10)*1.15,0.5))) -> 2.5 | R21: =IF(I21="vivaio", 0.5, IF(OR(I21="asta", I21="Svincolato riconferma anno corrente", I21="vivaio", I21="promosso da vivaio"), Q21, IF(OR(I21="asta riparazione", I21="Svincolato obbligo anno precedente", I21="Svincolo pausa invernale"), MAX(0.5, CEILING(Q21 / 2, 0.5)), IF(OR(I21="ceduto in prestito", I21="acquisito in prestito", I21="acquistato tit definitivo", I21="Ceduto tit definitivo"),CEILING(Q21 * K21, 0.5), IF(I21="asteriscato", "inserire a mano", "")))) ) -> 2.5
A22: =VLOOKUP(B22,FVM_update!A:B,2,0) -> 2765 | B22: Odgaard | C22: AS Intomatici | D22: =VLOOKUP(B22,FVM_update!A:F,6,0) -> Bologna | E22: =VLOOKUP(B22,FVM_update!A:E,4,0) -> T;A | F22: Inverno Obbligo 2,5 | G22: 45689 | H22: =IF(F22="Vivaio", DATE(2999, 12, 31), IF(F22="Standard", DATE(YEAR(G22)+1, MONTH(G22), DAY(G22)), IF(F22="Standard Inverno", DATE(2026, 7, 1), IF(OR(F22="Diritto 1+1", F22="Obbligo 1+1"), DATE(YEAR(G22)+2, MONTH(G22), DAY(G22)), IF(F22="Obbligo 1+2", DATE(YEAR(G22)+3, MONTH(G22), DAY(G22)), IF(OR(F22="Inverno Obbligo 1,5", F22="Inverno Diritto 0,5 + 1"), DATE(YEAR(G22)+1, MONTH(G22)+6, DAY(G22)), IF(F22="Inverno Obbligo 2,5", DATE(YEAR(G22)+2, MONTH(G22)+6, DAY(G22)), G22) ) ) ) ) ) ) -> 46600 | I22: Asta | J22: =VLOOKUP(A22,Asteriscati25!B:N,13,0) -> #N/A | K22: 0 | L22: =VLOOKUP(B22,Rose!B:D,3,0) -> #REF! | M22: 55 | N22: =VLOOKUP(A22,FVM_update!B:N,13,0) -> 30 | O22: =VLOOKUP(B22,'FVM_1luglio-31luglio25'!D:Q,14,0) -> 28 | P22: =IFERROR(N22,O22) -> 30 | Q22: =IF(OR(F22="Standard",F22="Standard Inverno"),CEILING((M22/10),0.5), IF(OR(F22="Diritto 1+1",M22="Inverno Diritto 0,5 + 1"),CEILING((M22/10)*1.3,0.5), CEILING((M22/10)*1.15,0.5))) -> 6.5 | R22: =IF(I22="vivaio", 0.5, IF(OR(I22="asta", I22="Svincolato riconferma anno corrente", I22="vivaio", I22="promosso da vivaio"), Q22, IF(OR(I22="asta riparazione", I22="Svincolato obbligo anno precedente", I22="Svincolo pausa invernale"), MAX(0.5, CEILING(Q22 / 2, 0.5)), IF(OR(I22="ceduto in prestito", I22="acquisito in prestito", I22="acquistato tit definitivo", I22="Ceduto tit definitivo"),CEILING(Q22 * K22, 0.5), IF(I22="asteriscato", "inserire a mano", "")))) ) -> 6.5
A23: =VLOOKUP(B23,FVM_update!A:B,2,0) -> 2077 | B23: PASALIC | C23: AS Intomatici | D23: =VLOOKUP(B23,FVM_update!A:F,6,0) -> Atalanta | E23: =VLOOKUP(B23,FVM_update!A:E,4,0) -> C;T | F23: Diritto 1+1 | G23: 45839 | H23: =IF(F23="Vivaio", DATE(2999, 12, 31), IF(F23="Standard", DATE(YEAR(G23)+1, MONTH(G23), DAY(G23)), IF(F23="Standard Inverno", DATE(2026, 7, 1), IF(OR(F23="Diritto 1+1", F23="Obbligo 1+1"), DATE(YEAR(G23)+2, MONTH(G23), DAY(G23)), IF(F23="Obbligo 1+2", DATE(YEAR(G23)+3, MONTH(G23), DAY(G23)), IF(OR(F23="Inverno Obbligo 1,5", F23="Inverno Diritto 0,5 + 1"), DATE(YEAR(G23)+1, MONTH(G23)+6, DAY(G23)), IF(F23="Inverno Obbligo 2,5", DATE(YEAR(G23)+2, MONTH(G23)+6, DAY(G23)), G23) ) ) ) ) ) ) -> 46569 | I23: Asta | J23: =VLOOKUP(A23,Asteriscati25!B:N,13,0) -> #N/A | L23: =VLOOKUP(B23,Rose!B:D,3,0) -> #REF! | M23: =VLOOKUP(B23,FVM_Asta2526!A:N,14,0) -> 28 | N23: =VLOOKUP(A23,FVM_update!B:N,13,0) -> 21 | O23: =VLOOKUP(B23,'FVM_1luglio-31luglio25'!D:Q,14,0) -> 38 | P23: =IFERROR(N23,O23) -> 21 | Q23: =IF(OR(F23="Standard",F23="Standard Inverno"),CEILING((M23/10),0.5), IF(OR(F23="Diritto 1+1",M23="Inverno Diritto 0,5 + 1"),CEILING((M23/10)*1.3,0.5), CEILING((M23/10)*1.15,0.5))) -> 4 | R23: =IF(I23="vivaio", 0.5, IF(OR(I23="asta", I23="Svincolato riconferma anno corrente", I23="vivaio", I23="promosso da vivaio"), Q23, IF(OR(I23="asta riparazione", I23="Svincolato obbligo anno precedente", I23="Svincolo pausa invernale"), MAX(0.5, CEILING(Q23 / 2, 0.5)), IF(OR(I23="ceduto in prestito", I23="acquisito in prestito", I23="acquistato tit definitivo", I23="Ceduto tit definitivo"),CEILING(Q23 * K23, 0.5), IF(I23="asteriscato", "inserire a mano", "")))) ) -> 4
A24: =VLOOKUP(B24,FVM_update!A:B,2,0) -> 5603 | B24: PONGRACIC | C24: AS Intomatici | D24: =VLOOKUP(B24,FVM_update!A:F,6,0) -> Fiorentina | E24: =VLOOKUP(B24,FVM_update!A:E,4,0) -> Dc | F24: Standard | G24: 45839 | H24: =IF(F24="Vivaio", DATE(2999, 12, 31), IF(F24="Standard", DATE(YEAR(G24)+1, MONTH(G24), DAY(G24)), IF(F24="Standard Inverno", DATE(2026, 7, 1), IF(OR(F24="Diritto 1+1", F24="Obbligo 1+1"), DATE(YEAR(G24)+2, MONTH(G24), DAY(G24)), IF(F24="Obbligo 1+2", DATE(YEAR(G24)+3, MONTH(G24), DAY(G24)), IF(OR(F24="Inverno Obbligo 1,5", F24="Inverno Diritto 0,5 + 1"), DATE(YEAR(G24)+1, MONTH(G24)+6, DAY(G24)), IF(F24="Inverno Obbligo 2,5", DATE(YEAR(G24)+2, MONTH(G24)+6, DAY(G24)), G24) ) ) ) ) ) ) -> 46204 | I24: Asta | J24: =VLOOKUP(A24,Asteriscati25!B:N,13,0) -> #N/A | L24: =VLOOKUP(B24,Rose!B:D,3,0) -> #REF! | M24: =VLOOKUP(B24,FVM_Asta2526!A:N,14,0) -> 16 | N24: =VLOOKUP(A24,FVM_update!B:N,13,0) -> 12 | O24: =VLOOKUP(B24,'FVM_1luglio-31luglio25'!D:Q,14,0) -> 16 | P24: =IFERROR(N24,O24) -> 12 | Q24: =IF(OR(F24="Standard",F24="Standard Inverno"),CEILING((M24/10),0.5), IF(OR(F24="Diritto 1+1",M24="Inverno Diritto 0,5 + 1"),CEILING((M24/10)*1.3,0.5), CEILING((M24/10)*1.15,0.5))) -> 2 | R24: =IF(I24="vivaio", 0.5, IF(OR(I24="asta", I24="Svincolato riconferma anno corrente", I24="vivaio", I24="promosso da vivaio"), Q24, IF(OR(I24="asta riparazione", I24="Svincolato obbligo anno precedente", I24="Svincolo pausa invernale"), MAX(0.5, CEILING(Q24 / 2, 0.5)), IF(OR(I24="ceduto in prestito", I24="acquisito in prestito", I24="acquistato tit definitivo", I24="Ceduto tit definitivo"),CEILING(Q24 * K24, 0.5), IF(I24="asteriscato", "inserire a mano", "")))) ) -> 2
A25: =VLOOKUP(B25,FVM_update!A:B,2,0) -> 4378 | B25: RANIERI L. | C25: AS Intomatici | D25: =VLOOKUP(B25,FVM_update!A:F,6,0) -> Fiorentina | E25: =VLOOKUP(B25,FVM_update!A:E,4,0) -> Ds;Dc | F25: Standard | G25: 45839 | H25: =IF(F25="Vivaio", DATE(2999, 12, 31), IF(F25="Standard", DATE(YEAR(G25)+1, MONTH(G25), DAY(G25)), IF(F25="Standard Inverno", DATE(2026, 7, 1), IF(OR(F25="Diritto 1+1", F25="Obbligo 1+1"), DATE(YEAR(G25)+2, MONTH(G25), DAY(G25)), IF(F25="Obbligo 1+2", DATE(YEAR(G25)+3, MONTH(G25), DAY(G25)), IF(OR(F25="Inverno Obbligo 1,5", F25="Inverno Diritto 0,5 + 1"), DATE(YEAR(G25)+1, MONTH(G25)+6, DAY(G25)), IF(F25="Inverno Obbligo 2,5", DATE(YEAR(G25)+2, MONTH(G25)+6, DAY(G25)), G25) ) ) ) ) ) ) -> 46204 | I25: Asta | J25: =VLOOKUP(A25,Asteriscati25!B:N,13,0) -> #N/A | L25: =VLOOKUP(B25,Rose!B:D,3,0) -> #REF! | M25: =VLOOKUP(B25,FVM_Asta2526!A:N,14,0) -> 17 | N25: =VLOOKUP(A25,FVM_update!B:N,13,0) -> 12 | O25: =VLOOKUP(B25,'FVM_1luglio-31luglio25'!D:Q,14,0) -> 16 | P25: =IFERROR(N25,O25) -> 12 | Q25: =IF(OR(F25="Standard",F25="Standard Inverno"),CEILING((M25/10),0.5), IF(OR(F25="Diritto 1+1",M25="Inverno Diritto 0,5 + 1"),CEILING((M25/10)*1.3,0.5), CEILING((M25/10)*1.15,0.5))) -> 2 | R25: =IF(I25="vivaio", 0.5, IF(OR(I25="asta", I25="Svincolato riconferma anno corrente", I25="vivaio", I25="promosso da vivaio"), Q25, IF(OR(I25="asta riparazione", I25="Svincolato obbligo anno precedente", I25="Svincolo pausa invernale"), MAX(0.5, CEILING(Q25 / 2, 0.5)), IF(OR(I25="ceduto in prestito", I25="acquisito in prestito", I25="acquistato tit definitivo", I25="Ceduto tit definitivo"),CEILING(Q25 * K25, 0.5), IF(I25="asteriscato", "inserire a mano", "")))) ) -> 2
A26: =VLOOKUP(B26,FVM_update!A:B,2,0) -> 2722 | B26: RAVAGLIA F. | C26: AS Intomatici | D26: =VLOOKUP(B26,FVM_update!A:F,6,0) -> Bologna | E26: =VLOOKUP(B26,FVM_update!A:E,4,0) -> Por | F26: Standard | G26: 45839 | H26: =IF(F26="Vivaio", DATE(2999, 12, 31), IF(F26="Standard", DATE(YEAR(G26)+1, MONTH(G26), DAY(G26)), IF(F26="Standard Inverno", DATE(2026, 7, 1), IF(OR(F26="Diritto 1+1", F26="Obbligo 1+1"), DATE(YEAR(G26)+2, MONTH(G26), DAY(G26)), IF(F26="Obbligo 1+2", DATE(YEAR(G26)+3, MONTH(G26), DAY(G26)), IF(OR(F26="Inverno Obbligo 1,5", F26="Inverno Diritto 0,5 + 1"), DATE(YEAR(G26)+1, MONTH(G26)+6, DAY(G26)), IF(F26="Inverno Obbligo 2,5", DATE(YEAR(G26)+2, MONTH(G26)+6, DAY(G26)), G26) ) ) ) ) ) ) -> 46204 | I26: Asta | J26: =VLOOKUP(A26,Asteriscati25!B:N,13,0) -> #N/A | K26: 0 | L26: =VLOOKUP(B26,Rose!B:D,3,0) -> #REF! | M26: =VLOOKUP(B26,FVM_Asta2526!A:N,14,0) -> 5 | N26: =VLOOKUP(A26,FVM_update!B:N,13,0) -> 8 | O26: =VLOOKUP(B26,'FVM_1luglio-31luglio25'!D:Q,14,0) -> 1 | P26: =IFERROR(N26,O26) -> 8 | Q26: =IF(OR(F26="Standard",F26="Standard Inverno"),CEILING((M26/10),0.5), IF(OR(F26="Diritto 1+1",M26="Inverno Diritto 0,5 + 1"),CEILING((M26/10)*1.3,0.5), CEILING((M26/10)*1.15,0.5))) -> 0.5 | R26: =IF(I26="vivaio", 0.5, IF(OR(I26="asta", I26="Svincolato riconferma anno corrente", I26="vivaio", I26="promosso da vivaio"), Q26, IF(OR(I26="asta riparazione", I26="Svincolato obbligo anno precedente", I26="Svincolo pausa invernale"), MAX(0.5, CEILING(Q26 / 2, 0.5)), IF(OR(I26="ceduto in prestito", I26="acquisito in prestito", I26="acquistato tit definitivo", I26="Ceduto tit definitivo"),CEILING(Q26 * K26, 0.5), IF(I26="asteriscato", "inserire a mano", "")))) ) -> 0.5
A27: =VLOOKUP(B27,FVM_update!A:B,2,0) -> 5453 | B27: Ricci S. | C27: AS Intomatici | D27: =VLOOKUP(B27,FVM_update!A:F,6,0) -> Milan | E27: =VLOOKUP(B27,FVM_update!A:E,4,0) -> M;C | F27: =VLOOKUP(B27,'situazione contratti estate 24'!A:I,9,0) -> Obbligo 1+2 | G27: 45108 | H27: =IF(F27="Vivaio", DATE(2999, 12, 31), IF(F27="Standard", DATE(YEAR(G27)+1, MONTH(G27), DAY(G27)), IF(F27="Standard Inverno", DATE(2026, 7, 1), IF(OR(F27="Diritto 1+1", F27="Obbligo 1+1"), DATE(YEAR(G27)+2, MONTH(G27), DAY(G27)), IF(F27="Obbligo 1+2", DATE(YEAR(G27)+3, MONTH(G27), DAY(G27)), IF(OR(F27="Inverno Obbligo 1,5", F27="Inverno Diritto 0,5 + 1"), DATE(YEAR(G27)+1, MONTH(G27)+6, DAY(G27)), IF(F27="Inverno Obbligo 2,5", DATE(YEAR(G27)+2, MONTH(G27)+6, DAY(G27)), G27) ) ) ) ) ) ) -> 46204 | I27: Asta | J27: =VLOOKUP(A27,Asteriscati25!B:N,13,0) -> #N/A | K27: 0 | L27: =VLOOKUP(B27,Rose!B:D,3,0) -> #REF! | M27: =VLOOKUP(B27,FVM_Asta2324!C:M,11,0) -> 28 | N27: =VLOOKUP(A27,FVM_update!B:N,13,0) -> 16 | O27: =VLOOKUP(B27,'FVM_1luglio-31luglio25'!D:Q,14,0) -> 22 | P27: =IFERROR(N27,O27) -> 16 | Q27: =IF(OR(F27="Standard",F27="Standard Inverno"),CEILING((M27/10),0.5), IF(OR(F27="Diritto 1+1",M27="Inverno Diritto 0,5 + 1"),CEILING((M27/10)*1.3,0.5), CEILING((M27/10)*1.15,0.5))) -> 3.5 | R27: =IF(I27="vivaio", 0.5, IF(OR(I27="asta", I27="Svincolato riconferma anno corrente", I27="vivaio", I27="promosso da vivaio"), Q27, IF(OR(I27="asta riparazione", I27="Svincolato obbligo anno precedente", I27="Svincolo pausa invernale"), MAX(0.5, CEILING(Q27 / 2, 0.5)), IF(OR(I27="ceduto in prestito", I27="acquisito in prestito", I27="acquistato tit definitivo", I27="Ceduto tit definitivo"),CEILING(Q27 * K27, 0.5), IF(I27="asteriscato", "inserire a mano", "")))) ) -> 3.5
A28: =VLOOKUP(B28,FVM_update!A:B,2,0) -> 4892 | B28: SAELEMAEKERS | C28: AS Intomatici | D28: =VLOOKUP(B28,FVM_update!A:F,6,0) -> Milan | E28: =VLOOKUP(B28,FVM_update!A:E,4,0) -> E;W | F28: Diritto 1+1 | G28: 45839 | H28: =IF(F28="Vivaio", DATE(2999, 12, 31), IF(F28="Standard", DATE(YEAR(G28)+1, MONTH(G28), DAY(G28)), IF(F28="Standard Inverno", DATE(2026, 7, 1), IF(OR(F28="Diritto 1+1", F28="Obbligo 1+1"), DATE(YEAR(G28)+2, MONTH(G28), DAY(G28)), IF(F28="Obbligo 1+2", DATE(YEAR(G28)+3, MONTH(G28), DAY(G28)), IF(OR(F28="Inverno Obbligo 1,5", F28="Inverno Diritto 0,5 + 1"), DATE(YEAR(G28)+1, MONTH(G28)+6, DAY(G28)), IF(F28="Inverno Obbligo 2,5", DATE(YEAR(G28)+2, MONTH(G28)+6, DAY(G28)), G28) ) ) ) ) ) ) -> 46569 | I28: Asta | J28: =VLOOKUP(A28,Asteriscati25!B:N,13,0) -> #N/A | L28: =VLOOKUP(B28,Rose!B:D,3,0) -> #REF! | M28: =VLOOKUP(B28,FVM_Asta2526!A:N,14,0) -> 43 | N28: =VLOOKUP(A28,FVM_update!B:N,13,0) -> 89 | O28: =VLOOKUP(B28,'FVM_1luglio-31luglio25'!D:Q,14,0) -> 37 | P28: =IFERROR(N28,O28) -> 89 | Q28: =IF(OR(F28="Standard",F28="Standard Inverno"),CEILING((M28/10),0.5), IF(OR(F28="Diritto 1+1",M28="Inverno Diritto 0,5 + 1"),CEILING((M28/10)*1.3,0.5), CEILING((M28/10)*1.15,0.5))) -> 6 | R28: =IF(I28="vivaio", 0.5, IF(OR(I28="asta", I28="Svincolato riconferma anno corrente", I28="vivaio", I28="promosso da vivaio"), Q28, IF(OR(I28="asta riparazione", I28="Svincolato obbligo anno precedente", I28="Svincolo pausa invernale"), MAX(0.5, CEILING(Q28 / 2, 0.5)), IF(OR(I28="ceduto in prestito", I28="acquisito in prestito", I28="acquistato tit definitivo", I28="Ceduto tit definitivo"),CEILING(Q28 * K28, 0.5), IF(I28="asteriscato", "inserire a mano", "")))) ) -> 6
A29: =VLOOKUP(B29,FVM_update!A:B,2,0) -> 6523 | B29: Samooja | C29: AS Intomatici | D29: =VLOOKUP(B29,FVM_update!A:F,6,0) -> Lecce | E29: =VLOOKUP(B29,FVM_update!A:E,4,0) -> Por | F29: Vivaio | G29: 45474 | H29: =IF(F29="Vivaio", DATE(2999, 12, 31), IF(F29="Standard", DATE(YEAR(G29)+1, MONTH(G29), DAY(G29)), IF(F29="Standard Inverno", DATE(2026, 7, 1), IF(OR(F29="Diritto 1+1", F29="Obbligo 1+1"), DATE(YEAR(G29)+2, MONTH(G29), DAY(G29)), IF(F29="Obbligo 1+2", DATE(YEAR(G29)+3, MONTH(G29), DAY(G29)), IF(OR(F29="Inverno Obbligo 1,5", F29="Inverno Diritto 0,5 + 1"), DATE(YEAR(G29)+1, MONTH(G29)+6, DAY(G29)), IF(F29="Inverno Obbligo 2,5", DATE(YEAR(G29)+2, MONTH(G29)+6, DAY(G29)), G29) ) ) ) ) ) ) -> 401768 | I29: Vivaio | J29: =VLOOKUP(A29,Asteriscati25!B:N,13,0) -> #N/A | K29: 0 | L29: =VLOOKUP(B29,Rose!B:D,3,0) -> #REF! | M29: =VLOOKUP(B29,FVM_Asta2425!A:M,13,0) -> 1 | N29: =VLOOKUP(A29,FVM_update!B:N,13,0) -> 1 | O29: =VLOOKUP(B29,'FVM_1luglio-31luglio25'!D:Q,14,0) -> 1 | P29: =IFERROR(N29,O29) -> 1 | Q29: =IF(OR(F29="Standard",F29="Standard Inverno"),CEILING((M29/10),0.5), IF(OR(F29="Diritto 1+1",M29="Inverno Diritto 0,5 + 1"),CEILING((M29/10)*1.3,0.5), CEILING((M29/10)*1.15,0.5))) -> 0.5 | R29: =IF(I29="vivaio", 0.5, IF(OR(I29="asta", I29="Svincolato riconferma anno corrente", I29="vivaio", I29="promosso da vivaio"), Q29, IF(OR(I29="asta riparazione", I29="Svincolato obbligo anno precedente", I29="Svincolo pausa invernale"), MAX(0.5, CEILING(Q29 / 2, 0.5)), IF(OR(I29="ceduto in prestito", I29="acquisito in prestito", I29="acquistato tit definitivo", I29="Ceduto tit definitivo"),CEILING(Q29 * K29, 0.5), IF(I29="asteriscato", "inserire a mano", "")))) ) -> 0.5
A30: =VLOOKUP(B30,FVM_update!A:B,2,0) -> 133 | B30: SKORUPSKI | C30: AS Intomatici | D30: =VLOOKUP(B30,FVM_update!A:F,6,0) -> Bologna | E30: =VLOOKUP(B30,FVM_update!A:E,4,0) -> Por | F30: Obbligo 1+2 | G30: 45839 | H30: =IF(F30="Vivaio", DATE(2999, 12, 31), IF(F30="Standard", DATE(YEAR(G30)+1, MONTH(G30), DAY(G30)), IF(F30="Standard Inverno", DATE(2026, 7, 1), IF(OR(F30="Diritto 1+1", F30="Obbligo 1+1"), DATE(YEAR(G30)+2, MONTH(G30), DAY(G30)), IF(F30="Obbligo 1+2", DATE(YEAR(G30)+3, MONTH(G30), DAY(G30)), IF(OR(F30="Inverno Obbligo 1,5", F30="Inverno Diritto 0,5 + 1"), DATE(YEAR(G30)+1, MONTH(G30)+6, DAY(G30)), IF(F30="Inverno Obbligo 2,5", DATE(YEAR(G30)+2, MONTH(G30)+6, DAY(G30)), G30) ) ) ) ) ) ) -> 46935 | I30: Asta | J30: =VLOOKUP(A30,Asteriscati25!B:N,13,0) -> #N/A | L30: =VLOOKUP(B30,Rose!B:D,3,0) -> #REF! | M30: =VLOOKUP(B30,FVM_Asta2526!A:N,14,0) -> 50 | N30: =VLOOKUP(A30,FVM_update!B:N,13,0) -> 10 | O30: =VLOOKUP(B30,'FVM_1luglio-31luglio25'!D:Q,14,0) -> 44 | P30: =IFERROR(N30,O30) -> 10 | Q30: =IF(OR(F30="Standard",F30="Standard Inverno"),CEILING((M30/10),0.5), IF(OR(F30="Diritto 1+1",M30="Inverno Diritto 0,5 + 1"),CEILING((M30/10)*1.3,0.5), CEILING((M30/10)*1.15,0.5))) -> 6 | R30: =IF(I30="vivaio", 0.5, IF(OR(I30="asta", I30="Svincolato riconferma anno corrente", I30="vivaio", I30="promosso da vivaio"), Q30, IF(OR(I30="asta riparazione", I30="Svincolato obbligo anno precedente", I30="Svincolo pausa invernale"), MAX(0.5, CEILING(Q30 / 2, 0.5)), IF(OR(I30="ceduto in prestito", I30="acquisito in prestito", I30="acquistato tit definitivo", I30="Ceduto tit definitivo"),CEILING(Q30 * K30, 0.5), IF(I30="asteriscato", "inserire a mano", "")))) ) -> 6
A31: =VLOOKUP(B31,FVM_update!A:B,2,0) -> 5844 | B31: THORSTVEDT | C31: AS Intomatici | D31: =VLOOKUP(B31,FVM_update!A:F,6,0) -> Sassuolo | E31: =VLOOKUP(B31,FVM_update!A:E,4,0) -> C;T | F31: Standard | G31: 45839 | H31: =IF(F31="Vivaio", DATE(2999, 12, 31), IF(F31="Standard", DATE(YEAR(G31)+1, MONTH(G31), DAY(G31)), IF(F31="Standard Inverno", DATE(2026, 7, 1), IF(OR(F31="Diritto 1+1", F31="Obbligo 1+1"), DATE(YEAR(G31)+2, MONTH(G31), DAY(G31)), IF(F31="Obbligo 1+2", DATE(YEAR(G31)+3, MONTH(G31), DAY(G31)), IF(OR(F31="Inverno Obbligo 1,5", F31="Inverno Diritto 0,5 + 1"), DATE(YEAR(G31)+1, MONTH(G31)+6, DAY(G31)), IF(F31="Inverno Obbligo 2,5", DATE(YEAR(G31)+2, MONTH(G31)+6, DAY(G31)), G31) ) ) ) ) ) ) -> 46204 | I31: Asta | J31: =VLOOKUP(A31,Asteriscati25!B:N,13,0) -> #N/A | L31: =VLOOKUP(B31,Rose!B:D,3,0) -> #REF! | M31: =VLOOKUP(B31,FVM_Asta2526!A:N,14,0) -> 22 | N31: =VLOOKUP(A31,FVM_update!B:N,13,0) -> 25 | O31: =VLOOKUP(B31,'FVM_1luglio-31luglio25'!D:Q,14,0) -> #N/A | P31: =IFERROR(N31,O31) -> 25 | Q31: =IF(OR(F31="Standard",F31="Standard Inverno"),CEILING((M31/10),0.5), IF(OR(F31="Diritto 1+1",M31="Inverno Diritto 0,5 + 1"),CEILING((M31/10)*1.3,0.5), CEILING((M31/10)*1.15,0.5))) -> 2.5 | R31: =IF(I31="vivaio", 0.5, IF(OR(I31="asta", I31="Svincolato riconferma anno corrente", I31="vivaio", I31="promosso da vivaio"), Q31, IF(OR(I31="asta riparazione", I31="Svincolato obbligo anno precedente", I31="Svincolo pausa invernale"), MAX(0.5, CEILING(Q31 / 2, 0.5)), IF(OR(I31="ceduto in prestito", I31="acquisito in prestito", I31="acquistato tit definitivo", I31="Ceduto tit definitivo"),CEILING(Q31 * K31, 0.5), IF(I31="asteriscato", "inserire a mano", "")))) ) -> 2.5
A32: =VLOOKUP(B32,FVM_update!A:B,2,0) -> 2841 | B32: VLAHOVIC | C32: AS Intomatici | D32: =VLOOKUP(B32,FVM_update!A:F,6,0) -> Juventus | E32: =VLOOKUP(B32,FVM_update!A:E,4,0) -> Pc | F32: Standard | G32: 45839 | H32: =IF(F32="Vivaio", DATE(2999, 12, 31), IF(F32="Standard", DATE(YEAR(G32)+1, MONTH(G32), DAY(G32)), IF(F32="Standard Inverno", DATE(2026, 7, 1), IF(OR(F32="Diritto 1+1", F32="Obbligo 1+1"), DATE(YEAR(G32)+2, MONTH(G32), DAY(G32)), IF(F32="Obbligo 1+2", DATE(YEAR(G32)+3, MONTH(G32), DAY(G32)), IF(OR(F32="Inverno Obbligo 1,5", F32="Inverno Diritto 0,5 + 1"), DATE(YEAR(G32)+1, MONTH(G32)+6, DAY(G32)), IF(F32="Inverno Obbligo 2,5", DATE(YEAR(G32)+2, MONTH(G32)+6, DAY(G32)), G32) ) ) ) ) ) ) -> 46204 | I32: Svincolo pausa invernale | J32: =VLOOKUP(A32,Asteriscati25!B:N,13,0) -> #N/A | L32: =VLOOKUP(B32,Rose!B:D,3,0) -> #REF! | M32: =VLOOKUP(B32,FVM_Asta2526!A:N,14,0) -> 126 | N32: =VLOOKUP(A32,FVM_update!B:N,13,0) -> 47 | O32: =VLOOKUP(B32,'FVM_1luglio-31luglio25'!D:Q,14,0) -> 261 | P32: =IFERROR(N32,O32) -> 47 | Q32: =IF(OR(F32="Standard",F32="Standard Inverno"),CEILING((M32/10),0.5), IF(OR(F32="Diritto 1+1",M32="Inverno Diritto 0,5 + 1"),CEILING((M32/10)*1.3,0.5), CEILING((M32/10)*1.15,0.5))) -> 13 | R32: =IF(I32="vivaio", 0.5, IF(OR(I32="asta", I32="Svincolato riconferma anno corrente", I32="vivaio", I32="promosso da vivaio"), Q32, IF(OR(I32="asta riparazione", I32="Svincolato obbligo anno precedente", I32="Svincolo pausa invernale"), MAX(0.5, CEILING(Q32 / 2, 0.5)), IF(OR(I32="ceduto in prestito", I32="acquisito in prestito", I32="acquistato tit definitivo", I32="Ceduto tit definitivo"),CEILING(Q32 * K32, 0.5), IF(I32="asteriscato", "inserire a mano", "")))) ) -> 6.5
A33: =VLOOKUP(B33,FVM_update!A:B,2,0) -> 5422 | B33: ZALEWSKI | C33: AS Intomatici | D33: =VLOOKUP(B33,FVM_update!A:F,6,0) -> Atalanta | E33: =VLOOKUP(B33,FVM_update!A:E,4,0) -> E;W | F33: Obbligo 1+2 | G33: 45839 | H33: =IF(F33="Vivaio", DATE(2999, 12, 31), IF(F33="Standard", DATE(YEAR(G33)+1, MONTH(G33), DAY(G33)), IF(F33="Standard Inverno", DATE(2026, 7, 1), IF(OR(F33="Diritto 1+1", F33="Obbligo 1+1"), DATE(YEAR(G33)+2, MONTH(G33), DAY(G33)), IF(F33="Obbligo 1+2", DATE(YEAR(G33)+3, MONTH(G33), DAY(G33)), IF(OR(F33="Inverno Obbligo 1,5", F33="Inverno Diritto 0,5 + 1"), DATE(YEAR(G33)+1, MONTH(G33)+6, DAY(G33)), IF(F33="Inverno Obbligo 2,5", DATE(YEAR(G33)+2, MONTH(G33)+6, DAY(G33)), G33) ) ) ) ) ) ) -> 46935 | I33: Asta | J33: =VLOOKUP(A33,Asteriscati25!B:N,13,0) -> #N/A | L33: =VLOOKUP(B33,Rose!B:D,3,0) -> #REF! | M33: =VLOOKUP(B33,FVM_Asta2526!A:N,14,0) -> 28 | N33: =VLOOKUP(A33,FVM_update!B:N,13,0) -> 24 | O33: =VLOOKUP(B33,'FVM_1luglio-31luglio25'!D:Q,14,0) -> 9 | P33: =IFERROR(N33,O33) -> 24 | Q33: =IF(OR(F33="Standard",F33="Standard Inverno"),CEILING((M33/10),0.5), IF(OR(F33="Diritto 1+1",M33="Inverno Diritto 0,5 + 1"),CEILING((M33/10)*1.3,0.5), CEILING((M33/10)*1.15,0.5))) -> 3.5 | R33: =IF(I33="vivaio", 0.5, IF(OR(I33="asta", I33="Svincolato riconferma anno corrente", I33="vivaio", I33="promosso da vivaio"), Q33, IF(OR(I33="asta riparazione", I33="Svincolato obbligo anno precedente", I33="Svincolo pausa invernale"), MAX(0.5, CEILING(Q33 / 2, 0.5)), IF(OR(I33="ceduto in prestito", I33="acquisito in prestito", I33="acquistato tit definitivo", I33="Ceduto tit definitivo"),CEILING(Q33 * K33, 0.5), IF(I33="asteriscato", "inserire a mano", "")))) ) -> 3.5
A34: =VLOOKUP(B34,FVM_update!A:B,2,0) -> 4461 | B34: ZAPPA | C34: AS Intomatici | D34: =VLOOKUP(B34,FVM_update!A:F,6,0) -> Cagliari | E34: =VLOOKUP(B34,FVM_update!A:E,4,0) -> B;Dd;E | F34: Standard | G34: 45839 | H34: =IF(F34="Vivaio", DATE(2999, 12, 31), IF(F34="Standard", DATE(YEAR(G34)+1, MONTH(G34), DAY(G34)), IF(F34="Standard Inverno", DATE(2026, 7, 1), IF(OR(F34="Diritto 1+1", F34="Obbligo 1+1"), DATE(YEAR(G34)+2, MONTH(G34), DAY(G34)), IF(F34="Obbligo 1+2", DATE(YEAR(G34)+3, MONTH(G34), DAY(G34)), IF(OR(F34="Inverno Obbligo 1,5", F34="Inverno Diritto 0,5 + 1"), DATE(YEAR(G34)+1, MONTH(G34)+6, DAY(G34)), IF(F34="Inverno Obbligo 2,5", DATE(YEAR(G34)+2, MONTH(G34)+6, DAY(G34)), G34) ) ) ) ) ) ) -> 46204 | I34: Asta | J34: =VLOOKUP(A34,Asteriscati25!B:N,13,0) -> #N/A | L34: =VLOOKUP(B34,Rose!B:D,3,0) -> #REF! | M34: =VLOOKUP(B34,FVM_Asta2526!A:N,14,0) -> 16 | N34: =VLOOKUP(A34,FVM_update!B:N,13,0) -> 15 | O34: =VLOOKUP(B34,'FVM_1luglio-31luglio25'!D:Q,14,0) -> 15 | P34: =IFERROR(N34,O34) -> 15 | Q34: =IF(OR(F34="Standard",F34="Standard Inverno"),CEILING((M34/10),0.5), IF(OR(F34="Diritto 1+1",M34="Inverno Diritto 0,5 + 1"),CEILING((M34/10)*1.3,0.5), CEILING((M34/10)*1.15,0.5))) -> 2 | R34: =IF(I34="vivaio", 0.5, IF(OR(I34="asta", I34="Svincolato riconferma anno corrente", I34="vivaio", I34="promosso da vivaio"), Q34, IF(OR(I34="asta riparazione", I34="Svincolato obbligo anno precedente", I34="Svincolo pausa invernale"), MAX(0.5, CEILING(Q34 / 2, 0.5)), IF(OR(I34="ceduto in prestito", I34="acquisito in prestito", I34="acquistato tit definitivo", I34="Ceduto tit definitivo"),CEILING(Q34 * K34, 0.5), IF(I34="asteriscato", "inserire a mano", "")))) ) -> 2
A35: =VLOOKUP(B35,FVM_update!A:B,2,0) -> 5998 | B35: ZERBIN | C35: AS Intomatici | D35: =VLOOKUP(B35,FVM_update!A:F,6,0) -> Cremonese | E35: =VLOOKUP(B35,FVM_update!A:E,4,0) -> E;W | F35: Standard | G35: 45839 | H35: =IF(F35="Vivaio", DATE(2999, 12, 31), IF(F35="Standard", DATE(YEAR(G35)+1, MONTH(G35), DAY(G35)), IF(F35="Standard Inverno", DATE(2026, 7, 1), IF(OR(F35="Diritto 1+1", F35="Obbligo 1+1"), DATE(YEAR(G35)+2, MONTH(G35), DAY(G35)), IF(F35="Obbligo 1+2", DATE(YEAR(G35)+3, MONTH(G35), DAY(G35)), IF(OR(F35="Inverno Obbligo 1,5", F35="Inverno Diritto 0,5 + 1"), DATE(YEAR(G35)+1, MONTH(G35)+6, DAY(G35)), IF(F35="Inverno Obbligo 2,5", DATE(YEAR(G35)+2, MONTH(G35)+6, DAY(G35)), G35) ) ) ) ) ) ) -> 46204 | I35: Svincolo pausa invernale | J35: =VLOOKUP(A35,Asteriscati25!B:N,13,0) -> #N/A | L35: =VLOOKUP(B35,Rose!B:D,3,0) -> #REF! | M35: =VLOOKUP(B35,FVM_Asta2526!A:N,14,0) -> 31 | N35: =VLOOKUP(A35,FVM_update!B:N,13,0) -> 13 | O35: =VLOOKUP(B35,'FVM_1luglio-31luglio25'!D:Q,14,0) -> 12 | P35: =IFERROR(N35,O35) -> 13 | Q35: =IF(OR(F35="Standard",F35="Standard Inverno"),CEILING((M35/10),0.5), IF(OR(F35="Diritto 1+1",M35="Inverno Diritto 0,5 + 1"),CEILING((M35/10)*1.3,0.5), CEILING((M35/10)*1.15,0.5))) -> 3.5 | R35: =IF(I35="vivaio", 0.5, IF(OR(I35="asta", I35="Svincolato riconferma anno corrente", I35="vivaio", I35="promosso da vivaio"), Q35, IF(OR(I35="asta riparazione", I35="Svincolato obbligo anno precedente", I35="Svincolo pausa invernale"), MAX(0.5, CEILING(Q35 / 2, 0.5)), IF(OR(I35="ceduto in prestito", I35="acquisito in prestito", I35="acquistato tit definitivo", I35="Ceduto tit definitivo"),CEILING(Q35 * K35, 0.5), IF(I35="asteriscato", "inserire a mano", "")))) ) -> 2
A36: =VLOOKUP(B36,FVM_update!A:B,2,0) -> 6151 | B36: PERRONE | C36: AS Intomatici | D36: =VLOOKUP(B36,FVM_update!A:F,6,0) -> Como | E36: =VLOOKUP(B36,FVM_update!A:E,4,0) -> M;C | F36: Standard | G36: 45839 | H36: =IF(F36="Vivaio", DATE(2999, 12, 31), IF(F36="Standard", DATE(YEAR(G36)+1, MONTH(G36), DAY(G36)), IF(F36="Standard Inverno", DATE(2026, 7, 1), IF(OR(F36="Diritto 1+1", F36="Obbligo 1+1"), DATE(YEAR(G36)+2, MONTH(G36), DAY(G36)), IF(F36="Obbligo 1+2", DATE(YEAR(G36)+3, MONTH(G36), DAY(G36)), IF(OR(F36="Inverno Obbligo 1,5", F36="Inverno Diritto 0,5 + 1"), DATE(YEAR(G36)+1, MONTH(G36)+6, DAY(G36)), IF(F36="Inverno Obbligo 2,5", DATE(YEAR(G36)+2, MONTH(G36)+6, DAY(G36)), G36) ) ) ) ) ) ) -> 46204 | I36: Acquisito in prestito | J36: =VLOOKUP(A36,Asteriscati25!B:N,13,0) -> #N/A | K36: 1 | L36: =VLOOKUP(B36,Rose!B:D,3,0) -> #REF! | M36: =VLOOKUP(B36,FVM_Asta2526!A:N,14,0) -> 21 | N36: =VLOOKUP(A36,FVM_update!B:N,13,0) -> 45 | O36: =VLOOKUP(B36,'FVM_1luglio-31luglio25'!D:Q,14,0) -> 13 | P36: =IFERROR(N36,O36) -> 45 | Q36: =IF(OR(F36="Standard",F36="Standard Inverno"),CEILING((M36/10),0.5), IF(OR(F36="Diritto 1+1",M36="Inverno Diritto 0,5 + 1"),CEILING((M36/10)*1.3,0.5), CEILING((M36/10)*1.15,0.5))) -> 2.5 | R36: =IF(I36="vivaio", 0.5, IF(OR(I36="asta", I36="Svincolato riconferma anno corrente", I36="vivaio", I36="promosso da vivaio"), Q36, IF(OR(I36="asta riparazione", I36="Svincolato obbligo anno precedente", I36="Svincolo pausa invernale"), MAX(0.5, CEILING(Q36 / 2, 0.5)), IF(OR(I36="ceduto in prestito", I36="acquisito in prestito", I36="acquistato tit definitivo", I36="Ceduto tit definitivo"),CEILING(Q36 * K36, 0.5), IF(I36="asteriscato", "inserire a mano", "")))) ) -> 2.5 | T36: Werder
A37: =VLOOKUP(B37,FVM_update!A:B,2,0) -> 5820 | B37: Bertola | C37: AS Intomatici | D37: =VLOOKUP(B37,FVM_update!A:F,6,0) -> Udinese | E37: =VLOOKUP(B37,FVM_update!A:E,4,0) -> Dc | F37: Standard inverno | G37: 46054 | H37: =IF(F37="Vivaio", DATE(2999, 12, 31), IF(F37="Standard", DATE(YEAR(G37)+1, MONTH(G37), DAY(G37)), IF(F37="Standard Inverno", DATE(2026, 7, 1), IF(OR(F37="Diritto 1+1", F37="Obbligo 1+1"), DATE(YEAR(G37)+2, MONTH(G37), DAY(G37)), IF(F37="Obbligo 1+2", DATE(YEAR(G37)+3, MONTH(G37), DAY(G37)), IF(OR(F37="Inverno Obbligo 1,5", F37="Inverno Diritto 0,5 + 1"), DATE(YEAR(G37)+1, MONTH(G37)+6, DAY(G37)), IF(F37="Inverno Obbligo 2,5", DATE(YEAR(G37)+2, MONTH(G37)+6, DAY(G37)), G37) ) ) ) ) ) ) -> 46204 | I37: Asta riparazione | J37: =VLOOKUP(A37,Asteriscati25!B:N,13,0) -> #N/A | L37: =VLOOKUP(B37,Rose!B:D,3,0) -> #REF! | M37: 13 | N37: =VLOOKUP(A37,FVM_update!B:N,13,0) -> 13 | O37: =VLOOKUP(B37,'FVM_1luglio-31luglio25'!D:Q,14,0) -> #N/A | P37: =IFERROR(N37,O37) -> 13 | Q37: =IF(OR(F37="Standard",F37="Standard Inverno"),CEILING((M37/10),0.5), IF(OR(F37="Diritto 1+1",M37="Inverno Diritto 0,5 + 1"),CEILING((M37/10)*1.3,0.5), CEILING((M37/10)*1.15,0.5))) -> 1.5 | R37: =IF(I37="vivaio", 0.5, IF(OR(I37="asta", I37="Svincolato riconferma anno corrente", I37="vivaio", I37="promosso da vivaio"), Q37, IF(OR(I37="asta riparazione", I37="Svincolato obbligo anno precedente", I37="Svincolo pausa invernale"), MAX(0.5, CEILING(Q37 / 2, 0.5)), IF(OR(I37="ceduto in prestito", I37="acquisito in prestito", I37="acquistato tit definitivo", I37="Ceduto tit definitivo"),CEILING(Q37 * K37, 0.5), IF(I37="asteriscato", "inserire a mano", "")))) ) -> 1
A38: =VLOOKUP(B38,FVM_update!A:B,2,0) -> 7255 | B38: Britschgi | C38: AS Intomatici | D38: =VLOOKUP(B38,FVM_update!A:F,6,0) -> Parma | E38: =VLOOKUP(B38,FVM_update!A:E,4,0) -> Dd;Ds;E | F38: Standard inverno | G38: 46054 | H38: =IF(F38="Vivaio", DATE(2999, 12, 31), IF(F38="Standard", DATE(YEAR(G38)+1, MONTH(G38), DAY(G38)), IF(F38="Standard Inverno", DATE(2026, 7, 1), IF(OR(F38="Diritto 1+1", F38="Obbligo 1+1"), DATE(YEAR(G38)+2, MONTH(G38), DAY(G38)), IF(F38="Obbligo 1+2", DATE(YEAR(G38)+3, MONTH(G38), DAY(G38)), IF(OR(F38="Inverno Obbligo 1,5", F38="Inverno Diritto 0,5 + 1"), DATE(YEAR(G38)+1, MONTH(G38)+6, DAY(G38)), IF(F38="Inverno Obbligo 2,5", DATE(YEAR(G38)+2, MONTH(G38)+6, DAY(G38)), G38) ) ) ) ) ) ) -> 46204 | I38: Asta riparazione | J38: =VLOOKUP(A38,Asteriscati25!B:N,13,0) -> #N/A | L38: =VLOOKUP(B38,Rose!B:D,3,0) -> #REF! | M38: 15 | N38: =VLOOKUP(A38,FVM_update!B:N,13,0) -> 15 | O38: =VLOOKUP(B38,'FVM_1luglio-31luglio25'!D:Q,14,0) -> #N/A | P38: =IFERROR(N38,O38) -> 15 | Q38: =IF(OR(F38="Standard",F38="Standard Inverno"),CEILING((M38/10),0.5), IF(OR(F38="Diritto 1+1",M38="Inverno Diritto 0,5 + 1"),CEILING((M38/10)*1.3,0.5), CEILING((M38/10)*1.15,0.5))) -> 1.5 | R38: =IF(I38="vivaio", 0.5, IF(OR(I38="asta", I38="Svincolato riconferma anno corrente", I38="vivaio", I38="promosso da vivaio"), Q38, IF(OR(I38="asta riparazione", I38="Svincolato obbligo anno precedente", I38="Svincolo pausa invernale"), MAX(0.5, CEILING(Q38 / 2, 0.5)), IF(OR(I38="ceduto in prestito", I38="acquisito in prestito", I38="acquistato tit definitivo", I38="Ceduto tit definitivo"),CEILING(Q38 * K38, 0.5), IF(I38="asteriscato", "inserire a mano", "")))) ) -> 1
A39: =VLOOKUP(B39,FVM_update!A:B,2,0) -> 5036 | B39: Caqueret | C39: AS Intomatici | D39: =VLOOKUP(B39,FVM_update!A:F,6,0) -> Como | E39: =VLOOKUP(B39,FVM_update!A:E,4,0) -> C;T | F39: Standard inverno | G39: 46054 | H39: =IF(F39="Vivaio", DATE(2999, 12, 31), IF(F39="Standard", DATE(YEAR(G39)+1, MONTH(G39), DAY(G39)), IF(F39="Standard Inverno", DATE(2026, 7, 1), IF(OR(F39="Diritto 1+1", F39="Obbligo 1+1"), DATE(YEAR(G39)+2, MONTH(G39), DAY(G39)), IF(F39="Obbligo 1+2", DATE(YEAR(G39)+3, MONTH(G39), DAY(G39)), IF(OR(F39="Inverno Obbligo 1,5", F39="Inverno Diritto 0,5 + 1"), DATE(YEAR(G39)+1, MONTH(G39)+6, DAY(G39)), IF(F39="Inverno Obbligo 2,5", DATE(YEAR(G39)+2, MONTH(G39)+6, DAY(G39)), G39) ) ) ) ) ) ) -> 46204 | I39: Asta riparazione | J39: =VLOOKUP(A39,Asteriscati25!B:N,13,0) -> #N/A | L39: =VLOOKUP(B39,Rose!B:D,3,0) -> #REF! | M39: 13 | N39: =VLOOKUP(A39,FVM_update!B:N,13,0) -> 13 | O39: =VLOOKUP(B39,'FVM_1luglio-31luglio25'!D:Q,14,0) -> #N/A | P39: =IFERROR(N39,O39) -> 13 | Q39: =IF(OR(F39="Standard",F39="Standard Inverno"),CEILING((M39/10),0.5), IF(OR(F39="Diritto 1+1",M39="Inverno Diritto 0,5 + 1"),CEILING((M39/10)*1.3,0.5), CEILING((M39/10)*1.15,0.5))) -> 1.5 | R39: =IF(I39="vivaio", 0.5, IF(OR(I39="asta", I39="Svincolato riconferma anno corrente", I39="vivaio", I39="promosso da vivaio"), Q39, IF(OR(I39="asta riparazione", I39="Svincolato obbligo anno precedente", I39="Svincolo pausa invernale"), MAX(0.5, CEILING(Q39 / 2, 0.5)), IF(OR(I39="ceduto in prestito", I39="acquisito in prestito", I39="acquistato tit definitivo", I39="Ceduto tit definitivo"),CEILING(Q39 * K39, 0.5), IF(I39="asteriscato", "inserire a mano", "")))) ) -> 1
A40: =VLOOKUP(B40,FVM_update!A:B,2,0) -> 2678 | B40: Fullkrug | C40: AS Intomatici | D40: =VLOOKUP(B40,FVM_update!A:F,6,0) -> Milan | E40: =VLOOKUP(B40,FVM_update!A:E,4,0) -> Pc | F40: Inverno Diritto 0,5 + 1 | G40: 46054 | H40: =IF(F40="Vivaio", DATE(2999, 12, 31), IF(F40="Standard", DATE(YEAR(G40)+1, MONTH(G40), DAY(G40)), IF(F40="Standard Inverno", DATE(2026, 7, 1), IF(OR(F40="Diritto 1+1", F40="Obbligo 1+1"), DATE(YEAR(G40)+2, MONTH(G40), DAY(G40)), IF(F40="Obbligo 1+2", DATE(YEAR(G40)+3, MONTH(G40), DAY(G40)), IF(OR(F40="Inverno Obbligo 1,5", F40="Inverno Diritto 0,5 + 1"), DATE(YEAR(G40)+1, MONTH(G40)+6, DAY(G40)), IF(F40="Inverno Obbligo 2,5", DATE(YEAR(G40)+2, MONTH(G40)+6, DAY(G40)), G40) ) ) ) ) ) ) -> 46600 | I40: Asta riparazione | J40: =VLOOKUP(A40,Asteriscati25!B:N,13,0) -> #N/A | L40: =VLOOKUP(B40,Rose!B:D,3,0) -> #REF! | M40: 32 | N40: =VLOOKUP(A40,FVM_update!B:N,13,0) -> 32 | O40: =VLOOKUP(B40,'FVM_1luglio-31luglio25'!D:Q,14,0) -> #N/A | P40: =IFERROR(N40,O40) -> 32 | Q40: =IF(OR(F40="Standard",F40="Standard Inverno"),CEILING((M40/10),0.5), IF(OR(F40="Diritto 1+1",M40="Inverno Diritto 0,5 + 1"),CEILING((M40/10)*1.3,0.5), CEILING((M40/10)*1.15,0.5))) -> 4 | R40: =IF(I40="vivaio", 0.5, IF(OR(I40="asta", I40="Svincolato riconferma anno corrente", I40="vivaio", I40="promosso da vivaio"), Q40, IF(OR(I40="asta riparazione", I40="Svincolato obbligo anno precedente", I40="Svincolo pausa invernale"), MAX(0.5, CEILING(Q40 / 2, 0.5)), IF(OR(I40="ceduto in prestito", I40="acquisito in prestito", I40="acquistato tit definitivo", I40="Ceduto tit definitivo"),CEILING(Q40 * K40, 0.5), IF(I40="asteriscato", "inserire a mano", "")))) ) -> 2
A41: =VLOOKUP(B41,FVM_update!A:B,2,0) -> 4159 | B41: AKANJI | C41: Bimbe di Tonali | D41: =VLOOKUP(B41,FVM_update!A:F,6,0) -> Inter | E41: =VLOOKUP(B41,FVM_update!A:E,4,0) -> Dc | F41: Standard | G41: 45839 | H41: =IF(F41="Vivaio", DATE(2999, 12, 31), IF(F41="Standard", DATE(YEAR(G41)+1, MONTH(G41), DAY(G41)), IF(F41="Standard Inverno", DATE(2026, 7, 1), IF(OR(F41="Diritto 1+1", F41="Obbligo 1+1"), DATE(YEAR(G41)+2, MONTH(G41), DAY(G41)), IF(F41="Obbligo 1+2", DATE(YEAR(G41)+3, MONTH(G41), DAY(G41)), IF(OR(F41="Inverno Obbligo 1,5", F41="Inverno Diritto 0,5 + 1"), DATE(YEAR(G41)+1, MONTH(G41)+6, DAY(G41)), IF(F41="Inverno Obbligo 2,5", DATE(YEAR(G41)+2, MONTH(G41)+6, DAY(G41)), G41) ) ) ) ) ) ) -> 46204 | I41: Asta | J41: =VLOOKUP(A41,Asteriscati25!B:N,13,0) -> #N/A | L41: =VLOOKUP(B41,Rose!B:D,3,0) -> #REF! | M41: =VLOOKUP(B41,FVM_Asta2526!A:N,14,0) -> 20 | N41: =VLOOKUP(A41,FVM_update!B:N,13,0) -> 51 | O41: =VLOOKUP(B41,'FVM_1luglio-31luglio25'!D:Q,14,0) -> #N/A | P41: =IFERROR(N41,O41) -> 51 | Q41: =IF(OR(F41="Standard",F41="Standard Inverno"),CEILING((M41/10),0.5), IF(OR(F41="Diritto 1+1",M41="Inverno Diritto 0,5 + 1"),CEILING((M41/10)*1.3,0.5), CEILING((M41/10)*1.15,0.5))) -> 2 | R41: =IF(I41="vivaio", 0.5, IF(OR(I41="asta", I41="Svincolato riconferma anno corrente", I41="vivaio", I41="promosso da vivaio"), Q41, IF(OR(I41="asta riparazione", I41="Svincolato obbligo anno precedente", I41="Svincolo pausa invernale"), MAX(0.5, CEILING(Q41 / 2, 0.5)), IF(OR(I41="ceduto in prestito", I41="acquisito in prestito", I41="acquistato tit definitivo", I41="Ceduto tit definitivo"),CEILING(Q41 * K41, 0.5), IF(I41="asteriscato", "inserire a mano", "")))) ) -> 2
A42: =VLOOKUP(B42,FVM_update!A:B,2,0) -> 7143 | B42: ANGORI | C42: Bimbe di Tonali | D42: =VLOOKUP(B42,FVM_update!A:F,6,0) -> Pisa | E42: =VLOOKUP(B42,FVM_update!A:E,4,0) -> Ds;E | F42: Standard | G42: 45839 | H42: =IF(F42="Vivaio", DATE(2999, 12, 31), IF(F42="Standard", DATE(YEAR(G42)+1, MONTH(G42), DAY(G42)), IF(F42="Standard Inverno", DATE(2026, 7, 1), IF(OR(F42="Diritto 1+1", F42="Obbligo 1+1"), DATE(YEAR(G42)+2, MONTH(G42), DAY(G42)), IF(F42="Obbligo 1+2", DATE(YEAR(G42)+3, MONTH(G42), DAY(G42)), IF(OR(F42="Inverno Obbligo 1,5", F42="Inverno Diritto 0,5 + 1"), DATE(YEAR(G42)+1, MONTH(G42)+6, DAY(G42)), IF(F42="Inverno Obbligo 2,5", DATE(YEAR(G42)+2, MONTH(G42)+6, DAY(G42)), G42) ) ) ) ) ) ) -> 46204 | I42: Asta | J42: =VLOOKUP(A42,Asteriscati25!B:N,13,0) -> #N/A | L42: =VLOOKUP(B42,Rose!B:D,3,0) -> #REF! | M42: =VLOOKUP(B42,FVM_Asta2526!A:N,14,0) -> 17 | N42: =VLOOKUP(A42,FVM_update!B:N,13,0) -> 13 | O42: =VLOOKUP(B42,'FVM_1luglio-31luglio25'!D:Q,14,0) -> #N/A | P42: =IFERROR(N42,O42) -> 13 | Q42: =IF(OR(F42="Standard",F42="Standard Inverno"),CEILING((M42/10),0.5), IF(OR(F42="Diritto 1+1",M42="Inverno Diritto 0,5 + 1"),CEILING((M42/10)*1.3,0.5), CEILING((M42/10)*1.15,0.5))) -> 2 | R42: =IF(I42="vivaio", 0.5, IF(OR(I42="asta", I42="Svincolato riconferma anno corrente", I42="vivaio", I42="promosso da vivaio"), Q42, IF(OR(I42="asta riparazione", I42="Svincolato obbligo anno precedente", I42="Svincolo pausa invernale"), MAX(0.5, CEILING(Q42 / 2, 0.5)), IF(OR(I42="ceduto in prestito", I42="acquisito in prestito", I42="acquistato tit definitivo", I42="Ceduto tit definitivo"),CEILING(Q42 * K42, 0.5), IF(I42="asteriscato", "inserire a mano", "")))) ) -> 2
A43: =VLOOKUP(B43,FVM_update!A:B,2,0) -> 6013 | B43: BARBIERI | C43: Bimbe di Tonali | D43: =VLOOKUP(B43,FVM_update!A:F,6,0) -> Cremonese | E43: =VLOOKUP(B43,FVM_update!A:E,4,0) -> Dd;Ds;E | F43: Standard | G43: 45839 | H43: =IF(F43="Vivaio", DATE(2999, 12, 31), IF(F43="Standard", DATE(YEAR(G43)+1, MONTH(G43), DAY(G43)), IF(F43="Standard Inverno", DATE(2026, 7, 1), IF(OR(F43="Diritto 1+1", F43="Obbligo 1+1"), DATE(YEAR(G43)+2, MONTH(G43), DAY(G43)), IF(F43="Obbligo 1+2", DATE(YEAR(G43)+3, MONTH(G43), DAY(G43)), IF(OR(F43="Inverno Obbligo 1,5", F43="Inverno Diritto 0,5 + 1"), DATE(YEAR(G43)+1, MONTH(G43)+6, DAY(G43)), IF(F43="Inverno Obbligo 2,5", DATE(YEAR(G43)+2, MONTH(G43)+6, DAY(G43)), G43) ) ) ) ) ) ) -> 46204 | I43: Asta | J43: =VLOOKUP(A43,Asteriscati25!B:N,13,0) -> #N/A | L43: =VLOOKUP(B43,Rose!B:D,3,0) -> #REF! | M43: =VLOOKUP(B43,FVM_Asta2526!A:N,14,0) -> 9 | N43: =VLOOKUP(A43,FVM_update!B:N,13,0) -> 16 | O43: =VLOOKUP(B43,'FVM_1luglio-31luglio25'!D:Q,14,0) -> #N/A | P43: =IFERROR(N43,O43) -> 16 | Q43: =IF(OR(F43="Standard",F43="Standard Inverno"),CEILING((M43/10),0.5), IF(OR(F43="Diritto 1+1",M43="Inverno Diritto 0,5 + 1"),CEILING((M43/10)*1.3,0.5), CEILING((M43/10)*1.15,0.5))) -> 1 | R43: =IF(I43="vivaio", 0.5, IF(OR(I43="asta", I43="Svincolato riconferma anno corrente", I43="vivaio", I43="promosso da vivaio"), Q43, IF(OR(I43="asta riparazione", I43="Svincolato obbligo anno precedente", I43="Svincolo pausa invernale"), MAX(0.5, CEILING(Q43 / 2, 0.5)), IF(OR(I43="ceduto in prestito", I43="acquisito in prestito", I43="acquistato tit definitivo", I43="Ceduto tit definitivo"),CEILING(Q43 * K43, 0.5), IF(I43="asteriscato", "inserire a mano", "")))) ) -> 1
A44: =VLOOKUP(B44,FVM_update!A:B,2,0) -> 6666 | B44: BERNABè | C44: Bimbe di Tonali | D44: =VLOOKUP(B44,FVM_update!A:F,6,0) -> Parma | E44: =VLOOKUP(B44,FVM_update!A:E,4,0) -> C | F44: Standard | G44: 45839 | H44: =IF(F44="Vivaio", DATE(2999, 12, 31), IF(F44="Standard", DATE(YEAR(G44)+1, MONTH(G44), DAY(G44)), IF(F44="Standard Inverno", DATE(2026, 7, 1), IF(OR(F44="Diritto 1+1", F44="Obbligo 1+1"), DATE(YEAR(G44)+2, MONTH(G44), DAY(G44)), IF(F44="Obbligo 1+2", DATE(YEAR(G44)+3, MONTH(G44), DAY(G44)), IF(OR(F44="Inverno Obbligo 1,5", F44="Inverno Diritto 0,5 + 1"), DATE(YEAR(G44)+1, MONTH(G44)+6, DAY(G44)), IF(F44="Inverno Obbligo 2,5", DATE(YEAR(G44)+2, MONTH(G44)+6, DAY(G44)), G44) ) ) ) ) ) ) -> 46204 | I44: Acquisito in prestito | J44: =VLOOKUP(A44,Asteriscati25!B:N,13,0) -> #N/A | K44: 1 | L44: =VLOOKUP(B44,Rose!B:D,3,0) -> #REF! | M44: =VLOOKUP(B44,FVM_Asta2526!A:N,14,0) -> 36 | N44: =VLOOKUP(A44,FVM_update!B:N,13,0) -> 32 | O44: =VLOOKUP(B44,'FVM_1luglio-31luglio25'!D:Q,14,0) -> #N/A | P44: =IFERROR(N44,O44) -> 32 | Q44: =IF(OR(F44="Standard",F44="Standard Inverno"),CEILING((M44/10),0.5), IF(OR(F44="Diritto 1+1",M44="Inverno Diritto 0,5 + 1"),CEILING((M44/10)*1.3,0.5), CEILING((M44/10)*1.15,0.5))) -> 4 | R44: =IF(I44="vivaio", 0.5, IF(OR(I44="asta", I44="Svincolato riconferma anno corrente", I44="vivaio", I44="promosso da vivaio"), Q44, IF(OR(I44="asta riparazione", I44="Svincolato obbligo anno precedente", I44="Svincolo pausa invernale"), MAX(0.5, CEILING(Q44 / 2, 0.5)), IF(OR(I44="ceduto in prestito", I44="acquisito in prestito", I44="acquistato tit definitivo", I44="Ceduto tit definitivo"),CEILING(Q44 * K44, 0.5), IF(I44="asteriscato", "inserire a mano", "")))) ) -> 4
A45: =VLOOKUP(B45,FVM_update!A:B,2,0) -> 7139 | B45: CANESTRELLI | C45: Bimbe di Tonali | D45: =VLOOKUP(B45,FVM_update!A:F,6,0) -> Pisa | E45: =VLOOKUP(B45,FVM_update!A:E,4,0) -> Dc | F45: Standard | G45: 45839 | H45: =IF(F45="Vivaio", DATE(2999, 12, 31), IF(F45="Standard", DATE(YEAR(G45)+1, MONTH(G45), DAY(G45)), IF(F45="Standard Inverno", DATE(2026, 7, 1), IF(OR(F45="Diritto 1+1", F45="Obbligo 1+1"), DATE(YEAR(G45)+2, MONTH(G45), DAY(G45)), IF(F45="Obbligo 1+2", DATE(YEAR(G45)+3, MONTH(G45), DAY(G45)), IF(OR(F45="Inverno Obbligo 1,5", F45="Inverno Diritto 0,5 + 1"), DATE(YEAR(G45)+1, MONTH(G45)+6, DAY(G45)), IF(F45="Inverno Obbligo 2,5", DATE(YEAR(G45)+2, MONTH(G45)+6, DAY(G45)), G45) ) ) ) ) ) ) -> 46204 | I45: Asta | J45: =VLOOKUP(A45,Asteriscati25!B:N,13,0) -> #N/A | L45: =VLOOKUP(B45,Rose!B:D,3,0) -> #REF! | M45: =VLOOKUP(B45,FVM_Asta2526!A:N,14,0) -> 12 | N45: =VLOOKUP(A45,FVM_update!B:N,13,0) -> 12 | O45: =VLOOKUP(B45,'FVM_1luglio-31luglio25'!D:Q,14,0) -> #N/A | P45: =IFERROR(N45,O45) -> 12 | Q45: =IF(OR(F45="Standard",F45="Standard Inverno"),CEILING((M45/10),0.5), IF(OR(F45="Diritto 1+1",M45="Inverno Diritto 0,5 + 1"),CEILING((M45/10)*1.3,0.5), CEILING((M45/10)*1.15,0.5))) -> 1.5 | R45: =IF(I45="vivaio", 0.5, IF(OR(I45="asta", I45="Svincolato riconferma anno corrente", I45="vivaio", I45="promosso da vivaio"), Q45, IF(OR(I45="asta riparazione", I45="Svincolato obbligo anno precedente", I45="Svincolo pausa invernale"), MAX(0.5, CEILING(Q45 / 2, 0.5)), IF(OR(I45="ceduto in prestito", I45="acquisito in prestito", I45="acquistato tit definitivo", I45="Ceduto tit definitivo"),CEILING(Q45 * K45, 0.5), IF(I45="asteriscato", "inserire a mano", "")))) ) -> 1.5
A46: =VLOOKUP(B46,FVM_update!A:B,2,0) -> 5885 | B46: DODò | C46: Bimbe di Tonali | D46: =VLOOKUP(B46,FVM_update!A:F,6,0) -> Fiorentina | E46: =VLOOKUP(B46,FVM_update!A:E,4,0) -> E | F46: Standard | G46: 45839 | H46: =IF(F46="Vivaio", DATE(2999, 12, 31), IF(F46="Standard", DATE(YEAR(G46)+1, MONTH(G46), DAY(G46)), IF(F46="Standard Inverno", DATE(2026, 7, 1), IF(OR(F46="Diritto 1+1", F46="Obbligo 1+1"), DATE(YEAR(G46)+2, MONTH(G46), DAY(G46)), IF(F46="Obbligo 1+2", DATE(YEAR(G46)+3, MONTH(G46), DAY(G46)), IF(OR(F46="Inverno Obbligo 1,5", F46="Inverno Diritto 0,5 + 1"), DATE(YEAR(G46)+1, MONTH(G46)+6, DAY(G46)), IF(F46="Inverno Obbligo 2,5", DATE(YEAR(G46)+2, MONTH(G46)+6, DAY(G46)), G46) ) ) ) ) ) ) -> 46204 | I46: Asta | J46: =VLOOKUP(A46,Asteriscati25!B:N,13,0) -> #N/A | L46: =VLOOKUP(B46,Rose!B:D,3,0) -> #REF! | M46: =VLOOKUP(B46,FVM_Asta2526!A:N,14,0) -> 44 | N46: =VLOOKUP(A46,FVM_update!B:N,13,0) -> 33 | O46: =VLOOKUP(B46,'FVM_1luglio-31luglio25'!D:Q,14,0) -> #N/A | P46: =IFERROR(N46,O46) -> 33 | Q46: =IF(OR(F46="Standard",F46="Standard Inverno"),CEILING((M46/10),0.5), IF(OR(F46="Diritto 1+1",M46="Inverno Diritto 0,5 + 1"),CEILING((M46/10)*1.3,0.5), CEILING((M46/10)*1.15,0.5))) -> 4.5 | R46: =IF(I46="vivaio", 0.5, IF(OR(I46="asta", I46="Svincolato riconferma anno corrente", I46="vivaio", I46="promosso da vivaio"), Q46, IF(OR(I46="asta riparazione", I46="Svincolato obbligo anno precedente", I46="Svincolo pausa invernale"), MAX(0.5, CEILING(Q46 / 2, 0.5)), IF(OR(I46="ceduto in prestito", I46="acquisito in prestito", I46="acquistato tit definitivo", I46="Ceduto tit definitivo"),CEILING(Q46 * K46, 0.5), IF(I46="asteriscato", "inserire a mano", "")))) ) -> 4.5
A47: =VLOOKUP(B47,FVM_update!A:B,2,0) -> 7017 | B47: Douvikas | C47: Bimbe di Tonali | D47: =VLOOKUP(B47,FVM_update!A:F,6,0) -> Como | E47: =VLOOKUP(B47,FVM_update!A:E,4,0) -> Pc | F47: Inverno Obbligo 2,5 | G47: 45689 | H47: =IF(F47="Vivaio", DATE(2999, 12, 31), IF(F47="Standard", DATE(YEAR(G47)+1, MONTH(G47), DAY(G47)), IF(F47="Standard Inverno", DATE(2026, 7, 1), IF(OR(F47="Diritto 1+1", F47="Obbligo 1+1"), DATE(YEAR(G47)+2, MONTH(G47), DAY(G47)), IF(F47="Obbligo 1+2", DATE(YEAR(G47)+3, MONTH(G47), DAY(G47)), IF(OR(F47="Inverno Obbligo 1,5", F47="Inverno Diritto 0,5 + 1"), DATE(YEAR(G47)+1, MONTH(G47)+6, DAY(G47)), IF(F47="Inverno Obbligo 2,5", DATE(YEAR(G47)+2, MONTH(G47)+6, DAY(G47)), G47) ) ) ) ) ) ) -> 46600 | I47: Asta | J47: =VLOOKUP(A47,Asteriscati25!B:N,13,0) -> #N/A | K47: 0 | L47: =VLOOKUP(B47,Rose!B:D,3,0) -> #REF! | M47: =VLOOKUP(B47,FVM_astainv!A:N,14,0) -> 20 | N47: =VLOOKUP(A47,FVM_update!B:N,13,0) -> 68 | O47: =VLOOKUP(B47,'FVM_1luglio-31luglio25'!D:Q,14,0) -> 20 | P47: =IFERROR(N47,O47) -> 68 | Q47: =IF(OR(F47="Standard",F47="Standard Inverno"),CEILING((M47/10),0.5), IF(OR(F47="Diritto 1+1",M47="Inverno Diritto 0,5 + 1"),CEILING((M47/10)*1.3,0.5), CEILING((M47/10)*1.15,0.5))) -> 2.5 | R47: =IF(I47="vivaio", 0.5, IF(OR(I47="asta", I47="Svincolato riconferma anno corrente", I47="vivaio", I47="promosso da vivaio"), Q47, IF(OR(I47="asta riparazione", I47="Svincolato obbligo anno precedente", I47="Svincolo pausa invernale"), MAX(0.5, CEILING(Q47 / 2, 0.5)), IF(OR(I47="ceduto in prestito", I47="acquisito in prestito", I47="acquistato tit definitivo", I47="Ceduto tit definitivo"),CEILING(Q47 * K47, 0.5), IF(I47="asteriscato", "inserire a mano", "")))) ) -> 2.5
A48: =VLOOKUP(B48,FVM_update!A:B,2,0) -> 4401 | B48: GABBIA | C48: Bimbe di Tonali | D48: =VLOOKUP(B48,FVM_update!A:F,6,0) -> Milan | E48: =VLOOKUP(B48,FVM_update!A:E,4,0) -> Dc | F48: Standard | G48: 45839 | H48: =IF(F48="Vivaio", DATE(2999, 12, 31), IF(F48="Standard", DATE(YEAR(G48)+1, MONTH(G48), DAY(G48)), IF(F48="Standard Inverno", DATE(2026, 7, 1), IF(OR(F48="Diritto 1+1", F48="Obbligo 1+1"), DATE(YEAR(G48)+2, MONTH(G48), DAY(G48)), IF(F48="Obbligo 1+2", DATE(YEAR(G48)+3, MONTH(G48), DAY(G48)), IF(OR(F48="Inverno Obbligo 1,5", F48="Inverno Diritto 0,5 + 1"), DATE(YEAR(G48)+1, MONTH(G48)+6, DAY(G48)), IF(F48="Inverno Obbligo 2,5", DATE(YEAR(G48)+2, MONTH(G48)+6, DAY(G48)), G48) ) ) ) ) ) ) -> 46204 | I48: Asta | J48: =VLOOKUP(A48,Asteriscati25!B:N,13,0) -> #N/A | L48: =VLOOKUP(B48,Rose!B:D,3,0) -> #REF! | M48: =VLOOKUP(B48,FVM_Asta2526!A:N,14,0) -> 16 | N48: =VLOOKUP(A48,FVM_update!B:N,13,0) -> 22 | O48: =VLOOKUP(B48,'FVM_1luglio-31luglio25'!D:Q,14,0) -> 10 | P48: =IFERROR(N48,O48) -> 22 | Q48: =IF(OR(F48="Standard",F48="Standard Inverno"),CEILING((M48/10),0.5), IF(OR(F48="Diritto 1+1",M48="Inverno Diritto 0,5 + 1"),CEILING((M48/10)*1.3,0.5), CEILING((M48/10)*1.15,0.5))) -> 2 | R48: =IF(I48="vivaio", 0.5, IF(OR(I48="asta", I48="Svincolato riconferma anno corrente", I48="vivaio", I48="promosso da vivaio"), Q48, IF(OR(I48="asta riparazione", I48="Svincolato obbligo anno precedente", I48="Svincolo pausa invernale"), MAX(0.5, CEILING(Q48 / 2, 0.5)), IF(OR(I48="ceduto in prestito", I48="acquisito in prestito", I48="acquistato tit definitivo", I48="Ceduto tit definitivo"),CEILING(Q48 * K48, 0.5), IF(I48="asteriscato", "inserire a mano", "")))) ) -> 2
A49: =VLOOKUP(B49,FVM_update!A:B,2,0) -> 7162 | B49: GIOVANE | C49: Bimbe di Tonali | D49: =VLOOKUP(B49,FVM_update!A:F,6,0) -> Napoli | E49: =VLOOKUP(B49,FVM_update!A:E,4,0) -> A | F49: Standard | G49: 45839 | H49: =IF(F49="Vivaio", DATE(2999, 12, 31), IF(F49="Standard", DATE(YEAR(G49)+1, MONTH(G49), DAY(G49)), IF(F49="Standard Inverno", DATE(2026, 7, 1), IF(OR(F49="Diritto 1+1", F49="Obbligo 1+1"), DATE(YEAR(G49)+2, MONTH(G49), DAY(G49)), IF(F49="Obbligo 1+2", DATE(YEAR(G49)+3, MONTH(G49), DAY(G49)), IF(OR(F49="Inverno Obbligo 1,5", F49="Inverno Diritto 0,5 + 1"), DATE(YEAR(G49)+1, MONTH(G49)+6, DAY(G49)), IF(F49="Inverno Obbligo 2,5", DATE(YEAR(G49)+2, MONTH(G49)+6, DAY(G49)), G49) ) ) ) ) ) ) -> 46204 | I49: Svincolo pausa invernale | J49: =VLOOKUP(A49,Asteriscati25!B:N,13,0) -> #N/A | L49: =VLOOKUP(B49,Rose!B:D,3,0) -> #REF! | M49: =VLOOKUP(B49,FVM_Asta2526!A:N,14,0) -> 20 | N49: =VLOOKUP(A49,FVM_update!B:N,13,0) -> 17 | O49: =VLOOKUP(B49,'FVM_1luglio-31luglio25'!D:Q,14,0) -> #N/A | P49: =IFERROR(N49,O49) -> 17 | Q49: =IF(OR(F49="Standard",F49="Standard Inverno"),CEILING((M49/10),0.5), IF(OR(F49="Diritto 1+1",M49="Inverno Diritto 0,5 + 1"),CEILING((M49/10)*1.3,0.5), CEILING((M49/10)*1.15,0.5))) -> 2 | R49: =IF(I49="vivaio", 0.5, IF(OR(I49="asta", I49="Svincolato riconferma anno corrente", I49="vivaio", I49="promosso da vivaio"), Q49, IF(OR(I49="asta riparazione", I49="Svincolato obbligo anno precedente", I49="Svincolo pausa invernale"), MAX(0.5, CEILING(Q49 / 2, 0.5)), IF(OR(I49="ceduto in prestito", I49="acquisito in prestito", I49="acquistato tit definitivo", I49="Ceduto tit definitivo"),CEILING(Q49 * K49, 0.5), IF(I49="asteriscato", "inserire a mano", "")))) ) -> 1
A50: =VLOOKUP(B50,FVM_update!A:B,2,0) -> 2097 | B50: Kean | C50: Bimbe di Tonali | D50: =VLOOKUP(B50,FVM_update!A:F,6,0) -> Fiorentina | E50: =VLOOKUP(B50,FVM_update!A:E,4,0) -> Pc | F50: Diritto 1+1 | G50: 45474 | H50: =IF(F50="Vivaio", DATE(2999, 12, 31), IF(F50="Standard", DATE(YEAR(G50)+1, MONTH(G50), DAY(G50)), IF(F50="Standard Inverno", DATE(2026, 7, 1), IF(OR(F50="Diritto 1+1", F50="Obbligo 1+1"), DATE(YEAR(G50)+2, MONTH(G50), DAY(G50)), IF(F50="Obbligo 1+2", DATE(YEAR(G50)+3, MONTH(G50), DAY(G50)), IF(OR(F50="Inverno Obbligo 1,5", F50="Inverno Diritto 0,5 + 1"), DATE(YEAR(G50)+1, MONTH(G50)+6, DAY(G50)), IF(F50="Inverno Obbligo 2,5", DATE(YEAR(G50)+2, MONTH(G50)+6, DAY(G50)), G50) ) ) ) ) ) ) -> 46204 | I50: Ceduto in prestito | J50: =VLOOKUP(A50,Asteriscati25!B:N,13,0) -> #N/A | K50: 0.6 | L50: =VLOOKUP(B50,Rose!B:D,3,0) -> #REF! | M50: =VLOOKUP(B50,FVM_Asta2425!A:M,13,0) -> 97 | N50: =VLOOKUP(A50,FVM_update!B:N,13,0) -> 127 | O50: =VLOOKUP(B50,'FVM_1luglio-31luglio25'!D:Q,14,0) -> 241 | P50: =IFERROR(N50,O50) -> 127 | Q50: =IF(OR(F50="Standard",F50="Standard Inverno"),CEILING((M50/10),0.5), IF(OR(F50="Diritto 1+1",M50="Inverno Diritto 0,5 + 1"),CEILING((M50/10)*1.3,0.5), CEILING((M50/10)*1.15,0.5))) -> 13 | R50: =IF(I50="vivaio", 0.5, IF(OR(I50="asta", I50="Svincolato riconferma anno corrente", I50="vivaio", I50="promosso da vivaio"), Q50, IF(OR(I50="asta riparazione", I50="Svincolato obbligo anno precedente", I50="Svincolo pausa invernale"), MAX(0.5, CEILING(Q50 / 2, 0.5)), IF(OR(I50="ceduto in prestito", I50="acquisito in prestito", I50="acquistato tit definitivo", I50="Ceduto tit definitivo"),CEILING(Q50 * K50, 0.5), IF(I50="asteriscato", "inserire a mano", "")))) ) -> 8
A51: =VLOOKUP(B51,FVM_update!A:B,2,0) -> 6893 | B51: KEMPF | C51: Bimbe di Tonali | D51: =VLOOKUP(B51,FVM_update!A:F,6,0) -> Como | E51: =VLOOKUP(B51,FVM_update!A:E,4,0) -> Dc | F51: Standard | G51: 45839 | H51: =IF(F51="Vivaio", DATE(2999, 12, 31), IF(F51="Standard", DATE(YEAR(G51)+1, MONTH(G51), DAY(G51)), IF(F51="Standard Inverno", DATE(2026, 7, 1), IF(OR(F51="Diritto 1+1", F51="Obbligo 1+1"), DATE(YEAR(G51)+2, MONTH(G51), DAY(G51)), IF(F51="Obbligo 1+2", DATE(YEAR(G51)+3, MONTH(G51), DAY(G51)), IF(OR(F51="Inverno Obbligo 1,5", F51="Inverno Diritto 0,5 + 1"), DATE(YEAR(G51)+1, MONTH(G51)+6, DAY(G51)), IF(F51="Inverno Obbligo 2,5", DATE(YEAR(G51)+2, MONTH(G51)+6, DAY(G51)), G51) ) ) ) ) ) ) -> 46204 | I51: Asta | J51: =VLOOKUP(A51,Asteriscati25!B:N,13,0) -> #N/A | L51: =VLOOKUP(B51,Rose!B:D,3,0) -> #REF! | M51: =VLOOKUP(B51,FVM_Asta2526!A:N,14,0) -> 15 | N51: =VLOOKUP(A51,FVM_update!B:N,13,0) -> 22 | O51: =VLOOKUP(B51,'FVM_1luglio-31luglio25'!D:Q,14,0) -> 9 | P51: =IFERROR(N51,O51) -> 22 | Q51: =IF(OR(F51="Standard",F51="Standard Inverno"),CEILING((M51/10),0.5), IF(OR(F51="Diritto 1+1",M51="Inverno Diritto 0,5 + 1"),CEILING((M51/10)*1.3,0.5), CEILING((M51/10)*1.15,0.5))) -> 1.5 | R51: =IF(I51="vivaio", 0.5, IF(OR(I51="asta", I51="Svincolato riconferma anno corrente", I51="vivaio", I51="promosso da vivaio"), Q51, IF(OR(I51="asta riparazione", I51="Svincolato obbligo anno precedente", I51="Svincolo pausa invernale"), MAX(0.5, CEILING(Q51 / 2, 0.5)), IF(OR(I51="ceduto in prestito", I51="acquisito in prestito", I51="acquistato tit definitivo", I51="Ceduto tit definitivo"),CEILING(Q51 * K51, 0.5), IF(I51="asteriscato", "inserire a mano", "")))) ) -> 1.5
A52: =VLOOKUP(B52,FVM_update!A:B,2,0) -> 7199 | B52: Kilicsoy | C52: Bimbe di Tonali | D52: =VLOOKUP(B52,FVM_update!A:F,6,0) -> Cagliari | E52: =VLOOKUP(B52,FVM_update!A:E,4,0) -> A | F52: Vivaio | G52: 45839 | H52: =IF(F52="Vivaio", DATE(2999, 12, 31), IF(F52="Standard", DATE(YEAR(G52)+1, MONTH(G52), DAY(G52)), IF(F52="Standard Inverno", DATE(2026, 7, 1), IF(OR(F52="Diritto 1+1", F52="Obbligo 1+1"), DATE(YEAR(G52)+2, MONTH(G52), DAY(G52)), IF(F52="Obbligo 1+2", DATE(YEAR(G52)+3, MONTH(G52), DAY(G52)), IF(OR(F52="Inverno Obbligo 1,5", F52="Inverno Diritto 0,5 + 1"), DATE(YEAR(G52)+1, MONTH(G52)+6, DAY(G52)), IF(F52="Inverno Obbligo 2,5", DATE(YEAR(G52)+2, MONTH(G52)+6, DAY(G52)), G52) ) ) ) ) ) ) -> 401768 | I52: Vivaio | J52: =VLOOKUP(A52,Asteriscati25!B:N,13,0) -> #N/A | L52: =VLOOKUP(B52,Rose!B:D,3,0) -> #REF! | M52: =VLOOKUP(B52,FVM_Asta2526!A:N,14,0) -> 14 | N52: =VLOOKUP(A52,FVM_update!B:N,13,0) -> 35 | O52: =VLOOKUP(B52,'FVM_1luglio-31luglio25'!D:Q,14,0) -> #N/A | P52: =IFERROR(N52,O52) -> 35 | Q52: =IF(OR(F52="Standard",F52="Standard Inverno"),CEILING((M52/10),0.5), IF(OR(F52="Diritto 1+1",M52="Inverno Diritto 0,5 + 1"),CEILING((M52/10)*1.3,0.5), CEILING((M52/10)*1.15,0.5))) -> 2 | R52: =IF(I52="vivaio", 0.5, IF(OR(I52="asta", I52="Svincolato riconferma anno corrente", I52="vivaio", I52="promosso da vivaio"), Q52, IF(OR(I52="asta riparazione", I52="Svincolato obbligo anno precedente", I52="Svincolo pausa invernale"), MAX(0.5, CEILING(Q52 / 2, 0.5)), IF(OR(I52="ceduto in prestito", I52="acquisito in prestito", I52="acquistato tit definitivo", I52="Ceduto tit definitivo"),CEILING(Q52 * K52, 0.5), IF(I52="asteriscato", "inserire a mano", "")))) ) -> 0.5
A53: =VLOOKUP(B53,FVM_update!A:B,2,0) -> 5589 | B53: KONè M. | C53: Bimbe di Tonali | D53: =VLOOKUP(B53,FVM_update!A:F,6,0) -> Roma | E53: =VLOOKUP(B53,FVM_update!A:E,4,0) -> M;C | F53: Obbligo 1+2 | G53: 45839 | H53: =IF(F53="Vivaio", DATE(2999, 12, 31), IF(F53="Standard", DATE(YEAR(G53)+1, MONTH(G53), DAY(G53)), IF(F53="Standard Inverno", DATE(2026, 7, 1), IF(OR(F53="Diritto 1+1", F53="Obbligo 1+1"), DATE(YEAR(G53)+2, MONTH(G53), DAY(G53)), IF(F53="Obbligo 1+2", DATE(YEAR(G53)+3, MONTH(G53), DAY(G53)), IF(OR(F53="Inverno Obbligo 1,5", F53="Inverno Diritto 0,5 + 1"), DATE(YEAR(G53)+1, MONTH(G53)+6, DAY(G53)), IF(F53="Inverno Obbligo 2,5", DATE(YEAR(G53)+2, MONTH(G53)+6, DAY(G53)), G53) ) ) ) ) ) ) -> 46935 | I53: Asta | J53: =VLOOKUP(A53,Asteriscati25!B:N,13,0) -> #N/A | L53: =VLOOKUP(B53,Rose!B:D,3,0) -> #REF! | M53: =VLOOKUP(B53,FVM_Asta2526!A:N,14,0) -> 46 | N53: =VLOOKUP(A53,FVM_update!B:N,13,0) -> 50 | O53: =VLOOKUP(B53,'FVM_1luglio-31luglio25'!D:Q,14,0) -> #N/A | P53: =IFERROR(N53,O53) -> 50 | Q53: =IF(OR(F53="Standard",F53="Standard Inverno"),CEILING((M53/10),0.5), IF(OR(F53="Diritto 1+1",M53="Inverno Diritto 0,5 + 1"),CEILING((M53/10)*1.3,0.5), CEILING((M53/10)*1.15,0.5))) -> 5.5 | R53: =IF(I53="vivaio", 0.5, IF(OR(I53="asta", I53="Svincolato riconferma anno corrente", I53="vivaio", I53="promosso da vivaio"), Q53, IF(OR(I53="asta riparazione", I53="Svincolato obbligo anno precedente", I53="Svincolo pausa invernale"), MAX(0.5, CEILING(Q53 / 2, 0.5)), IF(OR(I53="ceduto in prestito", I53="acquisito in prestito", I53="acquistato tit definitivo", I53="Ceduto tit definitivo"),CEILING(Q53 * K53, 0.5), IF(I53="asteriscato", "inserire a mano", "")))) ) -> 5.5
A54: =VLOOKUP(B54,FVM_update!A:B,2,0) -> 6060 | B54: LAURIENTè | C54: Bimbe di Tonali | D54: =VLOOKUP(B54,FVM_update!A:F,6,0) -> Sassuolo | E54: =VLOOKUP(B54,FVM_update!A:E,4,0) -> A | F54: Standard | G54: 45839 | H54: =IF(F54="Vivaio", DATE(2999, 12, 31), IF(F54="Standard", DATE(YEAR(G54)+1, MONTH(G54), DAY(G54)), IF(F54="Standard Inverno", DATE(2026, 7, 1), IF(OR(F54="Diritto 1+1", F54="Obbligo 1+1"), DATE(YEAR(G54)+2, MONTH(G54), DAY(G54)), IF(F54="Obbligo 1+2", DATE(YEAR(G54)+3, MONTH(G54), DAY(G54)), IF(OR(F54="Inverno Obbligo 1,5", F54="Inverno Diritto 0,5 + 1"), DATE(YEAR(G54)+1, MONTH(G54)+6, DAY(G54)), IF(F54="Inverno Obbligo 2,5", DATE(YEAR(G54)+2, MONTH(G54)+6, DAY(G54)), G54) ) ) ) ) ) ) -> 46204 | I54: Asta | J54: =VLOOKUP(A54,Asteriscati25!B:N,13,0) -> #N/A | L54: =VLOOKUP(B54,Rose!B:D,3,0) -> #REF! | M54: =VLOOKUP(B54,FVM_Asta2526!A:N,14,0) -> 47 | N54: =VLOOKUP(A54,FVM_update!B:N,13,0) -> 35 | O54: =VLOOKUP(B54,'FVM_1luglio-31luglio25'!D:Q,14,0) -> #N/A | P54: =IFERROR(N54,O54) -> 35 | Q54: =IF(OR(F54="Standard",F54="Standard Inverno"),CEILING((M54/10),0.5), IF(OR(F54="Diritto 1+1",M54="Inverno Diritto 0,5 + 1"),CEILING((M54/10)*1.3,0.5), CEILING((M54/10)*1.15,0.5))) -> 5 | R54: =IF(I54="vivaio", 0.5, IF(OR(I54="asta", I54="Svincolato riconferma anno corrente", I54="vivaio", I54="promosso da vivaio"), Q54, IF(OR(I54="asta riparazione", I54="Svincolato obbligo anno precedente", I54="Svincolo pausa invernale"), MAX(0.5, CEILING(Q54 / 2, 0.5)), IF(OR(I54="ceduto in prestito", I54="acquisito in prestito", I54="acquistato tit definitivo", I54="Ceduto tit definitivo"),CEILING(Q54 * K54, 0.5), IF(I54="asteriscato", "inserire a mano", "")))) ) -> 5
A55: =VLOOKUP(B55,FVM_update!A:B,2,0) -> 4287 | B55: LOBOTKA | C55: Bimbe di Tonali | D55: =VLOOKUP(B55,FVM_update!A:F,6,0) -> Napoli | E55: =VLOOKUP(B55,FVM_update!A:E,4,0) -> M;C | F55: Standard | G55: 45839 | H55: =IF(F55="Vivaio", DATE(2999, 12, 31), IF(F55="Standard", DATE(YEAR(G55)+1, MONTH(G55), DAY(G55)), IF(F55="Standard Inverno", DATE(2026, 7, 1), IF(OR(F55="Diritto 1+1", F55="Obbligo 1+1"), DATE(YEAR(G55)+2, MONTH(G55), DAY(G55)), IF(F55="Obbligo 1+2", DATE(YEAR(G55)+3, MONTH(G55), DAY(G55)), IF(OR(F55="Inverno Obbligo 1,5", F55="Inverno Diritto 0,5 + 1"), DATE(YEAR(G55)+1, MONTH(G55)+6, DAY(G55)), IF(F55="Inverno Obbligo 2,5", DATE(YEAR(G55)+2, MONTH(G55)+6, DAY(G55)), G55) ) ) ) ) ) ) -> 46204 | I55: Asta | J55: =VLOOKUP(A55,Asteriscati25!B:N,13,0) -> #N/A | L55: =VLOOKUP(B55,Rose!B:D,3,0) -> #REF! | M55: =VLOOKUP(B55,FVM_Asta2526!A:N,14,0) -> 29 | N55: =VLOOKUP(A55,FVM_update!B:N,13,0) -> 30 | O55: =VLOOKUP(B55,'FVM_1luglio-31luglio25'!D:Q,14,0) -> 21 | P55: =IFERROR(N55,O55) -> 30 | Q55: =IF(OR(F55="Standard",F55="Standard Inverno"),CEILING((M55/10),0.5), IF(OR(F55="Diritto 1+1",M55="Inverno Diritto 0,5 + 1"),CEILING((M55/10)*1.3,0.5), CEILING((M55/10)*1.15,0.5))) -> 3 | R55: =IF(I55="vivaio", 0.5, IF(OR(I55="asta", I55="Svincolato riconferma anno corrente", I55="vivaio", I55="promosso da vivaio"), Q55, IF(OR(I55="asta riparazione", I55="Svincolato obbligo anno precedente", I55="Svincolo pausa invernale"), MAX(0.5, CEILING(Q55 / 2, 0.5)), IF(OR(I55="ceduto in prestito", I55="acquisito in prestito", I55="acquistato tit definitivo", I55="Ceduto tit definitivo"),CEILING(Q55 * K55, 0.5), IF(I55="asteriscato", "inserire a mano", "")))) ) -> 3
A56: =VLOOKUP(B56,FVM_update!A:B,2,0) -> 1933 | B56: MANDRAGORA | C56: Bimbe di Tonali | D56: =VLOOKUP(B56,FVM_update!A:F,6,0) -> Fiorentina | E56: =VLOOKUP(B56,FVM_update!A:E,4,0) -> M;C | F56: Standard | G56: 45839 | H56: =IF(F56="Vivaio", DATE(2999, 12, 31), IF(F56="Standard", DATE(YEAR(G56)+1, MONTH(G56), DAY(G56)), IF(F56="Standard Inverno", DATE(2026, 7, 1), IF(OR(F56="Diritto 1+1", F56="Obbligo 1+1"), DATE(YEAR(G56)+2, MONTH(G56), DAY(G56)), IF(F56="Obbligo 1+2", DATE(YEAR(G56)+3, MONTH(G56), DAY(G56)), IF(OR(F56="Inverno Obbligo 1,5", F56="Inverno Diritto 0,5 + 1"), DATE(YEAR(G56)+1, MONTH(G56)+6, DAY(G56)), IF(F56="Inverno Obbligo 2,5", DATE(YEAR(G56)+2, MONTH(G56)+6, DAY(G56)), G56) ) ) ) ) ) ) -> 46204 | I56: Asta | J56: =VLOOKUP(A56,Asteriscati25!B:N,13,0) -> #N/A | L56: =VLOOKUP(B56,Rose!B:D,3,0) -> #REF! | M56: =VLOOKUP(B56,FVM_Asta2526!A:N,14,0) -> 35 | N56: =VLOOKUP(A56,FVM_update!B:N,13,0) -> 86 | O56: =VLOOKUP(B56,'FVM_1luglio-31luglio25'!D:Q,14,0) -> 32 | P56: =IFERROR(N56,O56) -> 86 | Q56: =IF(OR(F56="Standard",F56="Standard Inverno"),CEILING((M56/10),0.5), IF(OR(F56="Diritto 1+1",M56="Inverno Diritto 0,5 + 1"),CEILING((M56/10)*1.3,0.5), CEILING((M56/10)*1.15,0.5))) -> 3.5 | R56: =IF(I56="vivaio", 0.5, IF(OR(I56="asta", I56="Svincolato riconferma anno corrente", I56="vivaio", I56="promosso da vivaio"), Q56, IF(OR(I56="asta riparazione", I56="Svincolato obbligo anno precedente", I56="Svincolo pausa invernale"), MAX(0.5, CEILING(Q56 / 2, 0.5)), IF(OR(I56="ceduto in prestito", I56="acquisito in prestito", I56="acquistato tit definitivo", I56="Ceduto tit definitivo"),CEILING(Q56 * K56, 0.5), IF(I56="asteriscato", "inserire a mano", "")))) ) -> 3.5
A57: =VLOOKUP(B57,FVM_update!A:B,2,0) -> 4904 | B57: MARì | C57: Bimbe di Tonali | D57: =VLOOKUP(B57,FVM_update!A:F,6,0) -> Fiorentina | E57: =VLOOKUP(B57,FVM_update!A:E,4,0) -> Dc | F57: Standard | G57: 45839 | H57: =IF(F57="Vivaio", DATE(2999, 12, 31), IF(F57="Standard", DATE(YEAR(G57)+1, MONTH(G57), DAY(G57)), IF(F57="Standard Inverno", DATE(2026, 7, 1), IF(OR(F57="Diritto 1+1", F57="Obbligo 1+1"), DATE(YEAR(G57)+2, MONTH(G57), DAY(G57)), IF(F57="Obbligo 1+2", DATE(YEAR(G57)+3, MONTH(G57), DAY(G57)), IF(OR(F57="Inverno Obbligo 1,5", F57="Inverno Diritto 0,5 + 1"), DATE(YEAR(G57)+1, MONTH(G57)+6, DAY(G57)), IF(F57="Inverno Obbligo 2,5", DATE(YEAR(G57)+2, MONTH(G57)+6, DAY(G57)), G57) ) ) ) ) ) ) -> 46204 | I57: Svincolo pausa invernale | J57: =VLOOKUP(A57,Asteriscati25!B:N,13,0) -> #N/A | L57: =VLOOKUP(B57,Rose!B:D,3,0) -> #REF! | M57: =VLOOKUP(B57,FVM_Asta2526!A:N,14,0) -> 13 | N57: =VLOOKUP(A57,FVM_update!B:N,13,0) -> 8 | O57: =VLOOKUP(B57,'FVM_1luglio-31luglio25'!D:Q,14,0) -> #N/A | P57: =IFERROR(N57,O57) -> 8 | Q57: =IF(OR(F57="Standard",F57="Standard Inverno"),CEILING((M57/10),0.5), IF(OR(F57="Diritto 1+1",M57="Inverno Diritto 0,5 + 1"),CEILING((M57/10)*1.3,0.5), CEILING((M57/10)*1.15,0.5))) -> 1.5 | R57: =IF(I57="vivaio", 0.5, IF(OR(I57="asta", I57="Svincolato riconferma anno corrente", I57="vivaio", I57="promosso da vivaio"), Q57, IF(OR(I57="asta riparazione", I57="Svincolato obbligo anno precedente", I57="Svincolo pausa invernale"), MAX(0.5, CEILING(Q57 / 2, 0.5)), IF(OR(I57="ceduto in prestito", I57="acquisito in prestito", I57="acquistato tit definitivo", I57="Ceduto tit definitivo"),CEILING(Q57 * K57, 0.5), IF(I57="asteriscato", "inserire a mano", "")))) ) -> 1
A58: =VLOOKUP(B58,FVM_update!A:B,2,0) -> 4210 | B58: MINA | C58: Bimbe di Tonali | D58: =VLOOKUP(B58,FVM_update!A:F,6,0) -> Cagliari | E58: =VLOOKUP(B58,FVM_update!A:E,4,0) -> Dc | F58: Standard | G58: 45839 | H58: =IF(F58="Vivaio", DATE(2999, 12, 31), IF(F58="Standard", DATE(YEAR(G58)+1, MONTH(G58), DAY(G58)), IF(F58="Standard Inverno", DATE(2026, 7, 1), IF(OR(F58="Diritto 1+1", F58="Obbligo 1+1"), DATE(YEAR(G58)+2, MONTH(G58), DAY(G58)), IF(F58="Obbligo 1+2", DATE(YEAR(G58)+3, MONTH(G58), DAY(G58)), IF(OR(F58="Inverno Obbligo 1,5", F58="Inverno Diritto 0,5 + 1"), DATE(YEAR(G58)+1, MONTH(G58)+6, DAY(G58)), IF(F58="Inverno Obbligo 2,5", DATE(YEAR(G58)+2, MONTH(G58)+6, DAY(G58)), G58) ) ) ) ) ) ) -> 46204 | I58: Asta | J58: =VLOOKUP(A58,Asteriscati25!B:N,13,0) -> #N/A | L58: =VLOOKUP(B58,Rose!B:D,3,0) -> #REF! | M58: =VLOOKUP(B58,FVM_Asta2526!A:N,14,0) -> 21 | N58: =VLOOKUP(A58,FVM_update!B:N,13,0) -> 14 | O58: =VLOOKUP(B58,'FVM_1luglio-31luglio25'!D:Q,14,0) -> 17 | P58: =IFERROR(N58,O58) -> 14 | Q58: =IF(OR(F58="Standard",F58="Standard Inverno"),CEILING((M58/10),0.5), IF(OR(F58="Diritto 1+1",M58="Inverno Diritto 0,5 + 1"),CEILING((M58/10)*1.3,0.5), CEILING((M58/10)*1.15,0.5))) -> 2.5 | R58: =IF(I58="vivaio", 0.5, IF(OR(I58="asta", I58="Svincolato riconferma anno corrente", I58="vivaio", I58="promosso da vivaio"), Q58, IF(OR(I58="asta riparazione", I58="Svincolato obbligo anno precedente", I58="Svincolo pausa invernale"), MAX(0.5, CEILING(Q58 / 2, 0.5)), IF(OR(I58="ceduto in prestito", I58="acquisito in prestito", I58="acquistato tit definitivo", I58="Ceduto tit definitivo"),CEILING(Q58 * K58, 0.5), IF(I58="asteriscato", "inserire a mano", "")))) ) -> 2.5
A59: =VLOOKUP(B59,FVM_update!A:B,2,0) -> 7202 | B59: NDIAYE | C59: Bimbe di Tonali | D59: =VLOOKUP(B59,FVM_update!A:F,6,0) -> Parma | E59: =VLOOKUP(B59,FVM_update!A:E,4,0) -> Dc | F59: Standard | G59: 45839 | H59: =IF(F59="Vivaio", DATE(2999, 12, 31), IF(F59="Standard", DATE(YEAR(G59)+1, MONTH(G59), DAY(G59)), IF(F59="Standard Inverno", DATE(2026, 7, 1), IF(OR(F59="Diritto 1+1", F59="Obbligo 1+1"), DATE(YEAR(G59)+2, MONTH(G59), DAY(G59)), IF(F59="Obbligo 1+2", DATE(YEAR(G59)+3, MONTH(G59), DAY(G59)), IF(OR(F59="Inverno Obbligo 1,5", F59="Inverno Diritto 0,5 + 1"), DATE(YEAR(G59)+1, MONTH(G59)+6, DAY(G59)), IF(F59="Inverno Obbligo 2,5", DATE(YEAR(G59)+2, MONTH(G59)+6, DAY(G59)), G59) ) ) ) ) ) ) -> 46204 | I59: Svincolo pausa invernale | J59: =VLOOKUP(A59,Asteriscati25!B:N,13,0) -> #N/A | L59: =VLOOKUP(B59,Rose!B:D,3,0) -> #REF! | M59: =VLOOKUP(B59,FVM_Asta2526!A:N,14,0) -> 10 | N59: =VLOOKUP(A59,FVM_update!B:N,13,0) -> 8 | O59: =VLOOKUP(B59,'FVM_1luglio-31luglio25'!D:Q,14,0) -> #N/A | P59: =IFERROR(N59,O59) -> 8 | Q59: =IF(OR(F59="Standard",F59="Standard Inverno"),CEILING((M59/10),0.5), IF(OR(F59="Diritto 1+1",M59="Inverno Diritto 0,5 + 1"),CEILING((M59/10)*1.3,0.5), CEILING((M59/10)*1.15,0.5))) -> 1 | R59: =IF(I59="vivaio", 0.5, IF(OR(I59="asta", I59="Svincolato riconferma anno corrente", I59="vivaio", I59="promosso da vivaio"), Q59, IF(OR(I59="asta riparazione", I59="Svincolato obbligo anno precedente", I59="Svincolo pausa invernale"), MAX(0.5, CEILING(Q59 / 2, 0.5)), IF(OR(I59="ceduto in prestito", I59="acquisito in prestito", I59="acquistato tit definitivo", I59="Ceduto tit definitivo"),CEILING(Q59 * K59, 0.5), IF(I59="asteriscato", "inserire a mano", "")))) ) -> 0.5
A60: =VLOOKUP(B60,FVM_update!A:B,2,0) -> 4349 | B60: NICOLUSSI CAVIGLIA | C60: Bimbe di Tonali | D60: =VLOOKUP(B60,FVM_update!A:F,6,0) -> Parma | E60: =VLOOKUP(B60,FVM_update!A:E,4,0) -> M;C | F60: Standard | G60: 45839 | H60: =IF(F60="Vivaio", DATE(2999, 12, 31), IF(F60="Standard", DATE(YEAR(G60)+1, MONTH(G60), DAY(G60)), IF(F60="Standard Inverno", DATE(2026, 7, 1), IF(OR(F60="Diritto 1+1", F60="Obbligo 1+1"), DATE(YEAR(G60)+2, MONTH(G60), DAY(G60)), IF(F60="Obbligo 1+2", DATE(YEAR(G60)+3, MONTH(G60), DAY(G60)), IF(OR(F60="Inverno Obbligo 1,5", F60="Inverno Diritto 0,5 + 1"), DATE(YEAR(G60)+1, MONTH(G60)+6, DAY(G60)), IF(F60="Inverno Obbligo 2,5", DATE(YEAR(G60)+2, MONTH(G60)+6, DAY(G60)), G60) ) ) ) ) ) ) -> 46204 | I60: Ceduto in prestito | J60: =VLOOKUP(A60,Asteriscati25!B:N,13,0) -> #N/A | K60: 0 | L60: =VLOOKUP(B60,Rose!B:D,3,0) -> #REF! | M60: =VLOOKUP(B60,FVM_Asta2526!A:N,14,0) -> 28 | N60: =VLOOKUP(A60,FVM_update!B:N,13,0) -> 17 | O60: =VLOOKUP(B60,'FVM_1luglio-31luglio25'!D:Q,14,0) -> 27 | P60: =IFERROR(N60,O60) -> 17 | Q60: =IF(OR(F60="Standard",F60="Standard Inverno"),CEILING((M60/10),0.5), IF(OR(F60="Diritto 1+1",M60="Inverno Diritto 0,5 + 1"),CEILING((M60/10)*1.3,0.5), CEILING((M60/10)*1.15,0.5))) -> 3 | R60: =IF(I60="vivaio", 0.5, IF(OR(I60="asta", I60="Svincolato riconferma anno corrente", I60="vivaio", I60="promosso da vivaio"), Q60, IF(OR(I60="asta riparazione", I60="Svincolato obbligo anno precedente", I60="Svincolo pausa invernale"), MAX(0.5, CEILING(Q60 / 2, 0.5)), IF(OR(I60="ceduto in prestito", I60="acquisito in prestito", I60="acquistato tit definitivo", I60="Ceduto tit definitivo"),CEILING(Q60 * K60, 0.5), IF(I60="asteriscato", "inserire a mano", "")))) ) -> 0
A61: =VLOOKUP(B61,FVM_update!A:B,2,0) -> 7271 | B61: ODOGU | C61: Bimbe di Tonali | D61: =VLOOKUP(B61,FVM_update!A:F,6,0) -> Milan | E61: =VLOOKUP(B61,FVM_update!A:E,4,0) -> Dc | F61: Standard | G61: 45839 | H61: =IF(F61="Vivaio", DATE(2999, 12, 31), IF(F61="Standard", DATE(YEAR(G61)+1, MONTH(G61), DAY(G61)), IF(F61="Standard Inverno", DATE(2026, 7, 1), IF(OR(F61="Diritto 1+1", F61="Obbligo 1+1"), DATE(YEAR(G61)+2, MONTH(G61), DAY(G61)), IF(F61="Obbligo 1+2", DATE(YEAR(G61)+3, MONTH(G61), DAY(G61)), IF(OR(F61="Inverno Obbligo 1,5", F61="Inverno Diritto 0,5 + 1"), DATE(YEAR(G61)+1, MONTH(G61)+6, DAY(G61)), IF(F61="Inverno Obbligo 2,5", DATE(YEAR(G61)+2, MONTH(G61)+6, DAY(G61)), G61) ) ) ) ) ) ) -> 46204 | I61: Svincolo pausa invernale | J61: =VLOOKUP(A61,Asteriscati25!B:N,13,0) -> #N/A | L61: =VLOOKUP(B61,Rose!B:D,3,0) -> #REF! | M61: =VLOOKUP(B61,FVM_Asta2526!A:N,14,0) -> 5 | N61: =VLOOKUP(A61,FVM_update!B:N,13,0) -> 5 | O61: =VLOOKUP(B61,'FVM_1luglio-31luglio25'!D:Q,14,0) -> #N/A | P61: =IFERROR(N61,O61) -> 5 | Q61: =IF(OR(F61="Standard",F61="Standard Inverno"),CEILING((M61/10),0.5), IF(OR(F61="Diritto 1+1",M61="Inverno Diritto 0,5 + 1"),CEILING((M61/10)*1.3,0.5), CEILING((M61/10)*1.15,0.5))) -> 0.5 | R61: =IF(I61="vivaio", 0.5, IF(OR(I61="asta", I61="Svincolato riconferma anno corrente", I61="vivaio", I61="promosso da vivaio"), Q61, IF(OR(I61="asta riparazione", I61="Svincolato obbligo anno precedente", I61="Svincolo pausa invernale"), MAX(0.5, CEILING(Q61 / 2, 0.5)), IF(OR(I61="ceduto in prestito", I61="acquisito in prestito", I61="acquistato tit definitivo", I61="Ceduto tit definitivo"),CEILING(Q61 * K61, 0.5), IF(I61="asteriscato", "inserire a mano", "")))) ) -> 0.5
A62: =VLOOKUP(B62,FVM_update!A:B,2,0) -> 6218 | B62: ORISTANIO | C62: Bimbe di Tonali | D62: =VLOOKUP(B62,FVM_update!A:F,6,0) -> Parma | E62: =VLOOKUP(B62,FVM_update!A:E,4,0) -> W;T;A | F62: Standard | G62: 45839 | H62: =IF(F62="Vivaio", DATE(2999, 12, 31), IF(F62="Standard", DATE(YEAR(G62)+1, MONTH(G62), DAY(G62)), IF(F62="Standard Inverno", DATE(2026, 7, 1), IF(OR(F62="Diritto 1+1", F62="Obbligo 1+1"), DATE(YEAR(G62)+2, MONTH(G62), DAY(G62)), IF(F62="Obbligo 1+2", DATE(YEAR(G62)+3, MONTH(G62), DAY(G62)), IF(OR(F62="Inverno Obbligo 1,5", F62="Inverno Diritto 0,5 + 1"), DATE(YEAR(G62)+1, MONTH(G62)+6, DAY(G62)), IF(F62="Inverno Obbligo 2,5", DATE(YEAR(G62)+2, MONTH(G62)+6, DAY(G62)), G62) ) ) ) ) ) ) -> 46204 | I62: Svincolo pausa invernale | J62: =VLOOKUP(A62,Asteriscati25!B:N,13,0) -> #N/A | L62: =VLOOKUP(B62,Rose!B:D,3,0) -> #REF! | M62: =VLOOKUP(B62,FVM_Asta2526!A:N,14,0) -> 38 | N62: =VLOOKUP(A62,FVM_update!B:N,13,0) -> 15 | O62: =VLOOKUP(B62,'FVM_1luglio-31luglio25'!D:Q,14,0) -> 26 | P62: =IFERROR(N62,O62) -> 15 | Q62: =IF(OR(F62="Standard",F62="Standard Inverno"),CEILING((M62/10),0.5), IF(OR(F62="Diritto 1+1",M62="Inverno Diritto 0,5 + 1"),CEILING((M62/10)*1.3,0.5), CEILING((M62/10)*1.15,0.5))) -> 4 | R62: =IF(I62="vivaio", 0.5, IF(OR(I62="asta", I62="Svincolato riconferma anno corrente", I62="vivaio", I62="promosso da vivaio"), Q62, IF(OR(I62="asta riparazione", I62="Svincolato obbligo anno precedente", I62="Svincolo pausa invernale"), MAX(0.5, CEILING(Q62 / 2, 0.5)), IF(OR(I62="ceduto in prestito", I62="acquisito in prestito", I62="acquistato tit definitivo", I62="Ceduto tit definitivo"),CEILING(Q62 * K62, 0.5), IF(I62="asteriscato", "inserire a mano", "")))) ) -> 2
A63: =VLOOKUP(B63,FVM_update!A:B,2,0) -> 2167 | B63: ORSOLINI | C63: Bimbe di Tonali | D63: =VLOOKUP(B63,FVM_update!A:F,6,0) -> Bologna | E63: =VLOOKUP(B63,FVM_update!A:E,4,0) -> W;A | F63: Obbligo 1+1 | G63: 45839 | H63: =IF(F63="Vivaio", DATE(2999, 12, 31), IF(F63="Standard", DATE(YEAR(G63)+1, MONTH(G63), DAY(G63)), IF(F63="Standard Inverno", DATE(2026, 7, 1), IF(OR(F63="Diritto 1+1", F63="Obbligo 1+1"), DATE(YEAR(G63)+2, MONTH(G63), DAY(G63)), IF(F63="Obbligo 1+2", DATE(YEAR(G63)+3, MONTH(G63), DAY(G63)), IF(OR(F63="Inverno Obbligo 1,5", F63="Inverno Diritto 0,5 + 1"), DATE(YEAR(G63)+1, MONTH(G63)+6, DAY(G63)), IF(F63="Inverno Obbligo 2,5", DATE(YEAR(G63)+2, MONTH(G63)+6, DAY(G63)), G63) ) ) ) ) ) ) -> 46569 | I63: Ceduto tit definitivo | J63: =VLOOKUP(A63,Asteriscati25!B:N,13,0) -> #N/A | K63: 0.6 | L63: =VLOOKUP(B63,Rose!B:D,3,0) -> #REF! | M63: =VLOOKUP(B63,FVM_Asta2526!A:N,14,0) -> 218 | N63: =VLOOKUP(A63,FVM_update!B:N,13,0) -> 207 | O63: =VLOOKUP(B63,'FVM_1luglio-31luglio25'!D:Q,14,0) -> 152 | P63: =IFERROR(N63,O63) -> 207 | Q63: =IF(OR(F63="Standard",F63="Standard Inverno"),CEILING((M63/10),0.5), IF(OR(F63="Diritto 1+1",M63="Inverno Diritto 0,5 + 1"),CEILING((M63/10)*1.3,0.5), CEILING((M63/10)*1.15,0.5))) -> 25.5 | R63: =IF(I63="vivaio", 0.5, IF(OR(I63="asta", I63="Svincolato riconferma anno corrente", I63="vivaio", I63="promosso da vivaio"), Q63, IF(OR(I63="asta riparazione", I63="Svincolato obbligo anno precedente", I63="Svincolo pausa invernale"), MAX(0.5, CEILING(Q63 / 2, 0.5)), IF(OR(I63="ceduto in prestito", I63="acquisito in prestito", I63="acquistato tit definitivo", I63="Ceduto tit definitivo"),CEILING(Q63 * K63, 0.5), IF(I63="asteriscato", "inserire a mano", "")))) ) -> 15.5
A64: =VLOOKUP(B64,FVM_update!A:B,2,0) -> 770 | B64: PEZZELLA GIU. | C64: Bimbe di Tonali | D64: =VLOOKUP(B64,FVM_update!A:F,6,0) -> Cremonese | E64: =VLOOKUP(B64,FVM_update!A:E,4,0) -> Ds;E | F64: Standard | G64: 45839 | H64: =IF(F64="Vivaio", DATE(2999, 12, 31), IF(F64="Standard", DATE(YEAR(G64)+1, MONTH(G64), DAY(G64)), IF(F64="Standard Inverno", DATE(2026, 7, 1), IF(OR(F64="Diritto 1+1", F64="Obbligo 1+1"), DATE(YEAR(G64)+2, MONTH(G64), DAY(G64)), IF(F64="Obbligo 1+2", DATE(YEAR(G64)+3, MONTH(G64), DAY(G64)), IF(OR(F64="Inverno Obbligo 1,5", F64="Inverno Diritto 0,5 + 1"), DATE(YEAR(G64)+1, MONTH(G64)+6, DAY(G64)), IF(F64="Inverno Obbligo 2,5", DATE(YEAR(G64)+2, MONTH(G64)+6, DAY(G64)), G64) ) ) ) ) ) ) -> 46204 | I64: Svincolo pausa invernale | J64: =VLOOKUP(A64,Asteriscati25!B:N,13,0) -> #N/A | L64: =VLOOKUP(B64,Rose!B:D,3,0) -> #REF! | M64: =VLOOKUP(B64,FVM_Asta2526!A:N,14,0) -> 13 | N64: =VLOOKUP(A64,FVM_update!B:N,13,0) -> 11 | O64: =VLOOKUP(B64,'FVM_1luglio-31luglio25'!D:Q,14,0) -> 12 | P64: =IFERROR(N64,O64) -> 11 | Q64: =IF(OR(F64="Standard",F64="Standard Inverno"),CEILING((M64/10),0.5), IF(OR(F64="Diritto 1+1",M64="Inverno Diritto 0,5 + 1"),CEILING((M64/10)*1.3,0.5), CEILING((M64/10)*1.15,0.5))) -> 1.5 | R64: =IF(I64="vivaio", 0.5, IF(OR(I64="asta", I64="Svincolato riconferma anno corrente", I64="vivaio", I64="promosso da vivaio"), Q64, IF(OR(I64="asta riparazione", I64="Svincolato obbligo anno precedente", I64="Svincolo pausa invernale"), MAX(0.5, CEILING(Q64 / 2, 0.5)), IF(OR(I64="ceduto in prestito", I64="acquisito in prestito", I64="acquistato tit definitivo", I64="Ceduto tit definitivo"),CEILING(Q64 * K64, 0.5), IF(I64="asteriscato", "inserire a mano", "")))) ) -> 1
A65: =VLOOKUP(B65,FVM_update!A:B,2,0) -> 2038 | B65: PINAMONTI | C65: Bimbe di Tonali | D65: =VLOOKUP(B65,FVM_update!A:F,6,0) -> Sassuolo | E65: =VLOOKUP(B65,FVM_update!A:E,4,0) -> Pc | F65: Standard | G65: 45839 | H65: =IF(F65="Vivaio", DATE(2999, 12, 31), IF(F65="Standard", DATE(YEAR(G65)+1, MONTH(G65), DAY(G65)), IF(F65="Standard Inverno", DATE(2026, 7, 1), IF(OR(F65="Diritto 1+1", F65="Obbligo 1+1"), DATE(YEAR(G65)+2, MONTH(G65), DAY(G65)), IF(F65="Obbligo 1+2", DATE(YEAR(G65)+3, MONTH(G65), DAY(G65)), IF(OR(F65="Inverno Obbligo 1,5", F65="Inverno Diritto 0,5 + 1"), DATE(YEAR(G65)+1, MONTH(G65)+6, DAY(G65)), IF(F65="Inverno Obbligo 2,5", DATE(YEAR(G65)+2, MONTH(G65)+6, DAY(G65)), G65) ) ) ) ) ) ) -> 46204 | I65: Ceduto in prestito | J65: =VLOOKUP(A65,Asteriscati25!B:N,13,0) -> #N/A | K65: 0.6 | L65: =VLOOKUP(B65,Rose!B:D,3,0) -> #REF! | M65: =VLOOKUP(B65,FVM_Asta2526!A:N,14,0) -> 79 | N65: =VLOOKUP(A65,FVM_update!B:N,13,0) -> 43 | O65: =VLOOKUP(B65,'FVM_1luglio-31luglio25'!D:Q,14,0) -> 83 | P65: =IFERROR(N65,O65) -> 43 | Q65: =IF(OR(F65="Standard",F65="Standard Inverno"),CEILING((M65/10),0.5), IF(OR(F65="Diritto 1+1",M65="Inverno Diritto 0,5 + 1"),CEILING((M65/10)*1.3,0.5), CEILING((M65/10)*1.15,0.5))) -> 8 | R65: =IF(I65="vivaio", 0.5, IF(OR(I65="asta", I65="Svincolato riconferma anno corrente", I65="vivaio", I65="promosso da vivaio"), Q65, IF(OR(I65="asta riparazione", I65="Svincolato obbligo anno precedente", I65="Svincolo pausa invernale"), MAX(0.5, CEILING(Q65 / 2, 0.5)), IF(OR(I65="ceduto in prestito", I65="acquisito in prestito", I65="acquistato tit definitivo", I65="Ceduto tit definitivo"),CEILING(Q65 * K65, 0.5), IF(I65="asteriscato", "inserire a mano", "")))) ) -> 5
A66: =VLOOKUP(B66,FVM_update!A:B,2,0) -> 2423 | B66: Pulisic | C66: Bimbe di Tonali | D66: =VLOOKUP(B66,FVM_update!A:F,6,0) -> Milan | E66: =VLOOKUP(B66,FVM_update!A:E,4,0) -> T;A | F66: =VLOOKUP(B66,'situazione contratti estate 24'!A:I,9,0) -> Obbligo 1+2 | G66: 45108 | H66: =IF(F66="Vivaio", DATE(2999, 12, 31), IF(F66="Standard", DATE(YEAR(G66)+1, MONTH(G66), DAY(G66)), IF(F66="Standard Inverno", DATE(2026, 7, 1), IF(OR(F66="Diritto 1+1", F66="Obbligo 1+1"), DATE(YEAR(G66)+2, MONTH(G66), DAY(G66)), IF(F66="Obbligo 1+2", DATE(YEAR(G66)+3, MONTH(G66), DAY(G66)), IF(OR(F66="Inverno Obbligo 1,5", F66="Inverno Diritto 0,5 + 1"), DATE(YEAR(G66)+1, MONTH(G66)+6, DAY(G66)), IF(F66="Inverno Obbligo 2,5", DATE(YEAR(G66)+2, MONTH(G66)+6, DAY(G66)), G66) ) ) ) ) ) ) -> 46204 | I66: Acquistato tit definitivo | J66: =VLOOKUP(A66,Asteriscati25!B:N,13,0) -> #N/A | K66: 1 | L66: =VLOOKUP(B66,Rose!B:D,3,0) -> #REF! | M66: =VLOOKUP(B66,FVM_Asta2324!C:M,11,0) -> 120 | N66: =VLOOKUP(A66,FVM_update!B:N,13,0) -> 255 | O66: =VLOOKUP(B66,'FVM_1luglio-31luglio25'!D:Q,14,0) -> 191 | P66: =IFERROR(N66,O66) -> 255 | Q66: =IF(OR(F66="Standard",F66="Standard Inverno"),CEILING((M66/10),0.5), IF(OR(F66="Diritto 1+1",M66="Inverno Diritto 0,5 + 1"),CEILING((M66/10)*1.3,0.5), CEILING((M66/10)*1.15,0.5))) -> 14 | R66: =IF(I66="vivaio", 0.5, IF(OR(I66="asta", I66="Svincolato riconferma anno corrente", I66="vivaio", I66="promosso da vivaio"), Q66, IF(OR(I66="asta riparazione", I66="Svincolato obbligo anno precedente", I66="Svincolo pausa invernale"), MAX(0.5, CEILING(Q66 / 2, 0.5)), IF(OR(I66="ceduto in prestito", I66="acquisito in prestito", I66="acquistato tit definitivo", I66="Ceduto tit definitivo"),CEILING(Q66 * K66, 0.5), IF(I66="asteriscato", "inserire a mano", "")))) ) -> 14 | T66: Woods
A67: =VLOOKUP(B67,FVM_update!A:B,2,0) -> 2379 | B67: RABIOT | C67: Bimbe di Tonali | D67: =VLOOKUP(B67,FVM_update!A:F,6,0) -> Milan | E67: =VLOOKUP(B67,FVM_update!A:E,4,0) -> C;T | F67: =VLOOKUP(B67,'situazione contratti estate 24'!A:I,9,0) -> Obbligo 1+2 | G67: 45839 | H67: =IF(F67="Vivaio", DATE(2999, 12, 31), IF(F67="Standard", DATE(YEAR(G67)+1, MONTH(G67), DAY(G67)), IF(F67="Standard Inverno", DATE(2026, 7, 1), IF(OR(F67="Diritto 1+1", F67="Obbligo 1+1"), DATE(YEAR(G67)+2, MONTH(G67), DAY(G67)), IF(F67="Obbligo 1+2", DATE(YEAR(G67)+3, MONTH(G67), DAY(G67)), IF(OR(F67="Inverno Obbligo 1,5", F67="Inverno Diritto 0,5 + 1"), DATE(YEAR(G67)+1, MONTH(G67)+6, DAY(G67)), IF(F67="Inverno Obbligo 2,5", DATE(YEAR(G67)+2, MONTH(G67)+6, DAY(G67)), G67) ) ) ) ) ) ) -> 46935 | I67: Asta | J67: =VLOOKUP(A67,Asteriscati25!B:N,13,0) -> #N/A | L67: =VLOOKUP(B67,Rose!B:D,3,0) -> #REF! | M67: =VLOOKUP(B67,FVM_Asta2526!A:N,14,0) -> 145 | N67: =VLOOKUP(A67,FVM_update!B:N,13,0) -> 144 | O67: =VLOOKUP(B67,'FVM_1luglio-31luglio25'!D:Q,14,0) -> #N/A | P67: =IFERROR(N67,O67) -> 144 | Q67: =IF(OR(F67="Standard",F67="Standard Inverno"),CEILING((M67/10),0.5), IF(OR(F67="Diritto 1+1",M67="Inverno Diritto 0,5 + 1"),CEILING((M67/10)*1.3,0.5), CEILING((M67/10)*1.15,0.5))) -> 17 | R67: =IF(I67="vivaio", 0.5, IF(OR(I67="asta", I67="Svincolato riconferma anno corrente", I67="vivaio", I67="promosso da vivaio"), Q67, IF(OR(I67="asta riparazione", I67="Svincolato obbligo anno precedente", I67="Svincolo pausa invernale"), MAX(0.5, CEILING(Q67 / 2, 0.5)), IF(OR(I67="ceduto in prestito", I67="acquisito in prestito", I67="acquistato tit definitivo", I67="Ceduto tit definitivo"),CEILING(Q67 * K67, 0.5), IF(I67="asteriscato", "inserire a mano", "")))) ) -> 17
A68: =VLOOKUP(B68,FVM_update!A:B,2,0) -> 5119 | B68: SAMARDZIC | C68: Bimbe di Tonali | D68: =VLOOKUP(B68,FVM_update!A:F,6,0) -> Atalanta | E68: =VLOOKUP(B68,FVM_update!A:E,4,0) -> T | F68: Standard | G68: 45839 | H68: =IF(F68="Vivaio", DATE(2999, 12, 31), IF(F68="Standard", DATE(YEAR(G68)+1, MONTH(G68), DAY(G68)), IF(F68="Standard Inverno", DATE(2026, 7, 1), IF(OR(F68="Diritto 1+1", F68="Obbligo 1+1"), DATE(YEAR(G68)+2, MONTH(G68), DAY(G68)), IF(F68="Obbligo 1+2", DATE(YEAR(G68)+3, MONTH(G68), DAY(G68)), IF(OR(F68="Inverno Obbligo 1,5", F68="Inverno Diritto 0,5 + 1"), DATE(YEAR(G68)+1, MONTH(G68)+6, DAY(G68)), IF(F68="Inverno Obbligo 2,5", DATE(YEAR(G68)+2, MONTH(G68)+6, DAY(G68)), G68) ) ) ) ) ) ) -> 46204 | I68: Svincolo pausa invernale | J68: =VLOOKUP(A68,Asteriscati25!B:N,13,0) -> #N/A | L68: =VLOOKUP(B68,Rose!B:D,3,0) -> #REF! | M68: =VLOOKUP(B68,FVM_Asta2526!A:N,14,0) -> 22 | N68: =VLOOKUP(A68,FVM_update!B:N,13,0) -> 10 | O68: =VLOOKUP(B68,'FVM_1luglio-31luglio25'!D:Q,14,0) -> 28 | P68: =IFERROR(N68,O68) -> 10 | Q68: =IF(OR(F68="Standard",F68="Standard Inverno"),CEILING((M68/10),0.5), IF(OR(F68="Diritto 1+1",M68="Inverno Diritto 0,5 + 1"),CEILING((M68/10)*1.3,0.5), CEILING((M68/10)*1.15,0.5))) -> 2.5 | R68: =IF(I68="vivaio", 0.5, IF(OR(I68="asta", I68="Svincolato riconferma anno corrente", I68="vivaio", I68="promosso da vivaio"), Q68, IF(OR(I68="asta riparazione", I68="Svincolato obbligo anno precedente", I68="Svincolo pausa invernale"), MAX(0.5, CEILING(Q68 / 2, 0.5)), IF(OR(I68="ceduto in prestito", I68="acquisito in prestito", I68="acquistato tit definitivo", I68="Ceduto tit definitivo"),CEILING(Q68 * K68, 0.5), IF(I68="asteriscato", "inserire a mano", "")))) ) -> 1.5
A69: =VLOOKUP(B69,FVM_update!A:B,2,0) -> 6641 | B69: SUZUKI | C69: Bimbe di Tonali | D69: =VLOOKUP(B69,FVM_update!A:F,6,0) -> Parma | E69: =VLOOKUP(B69,FVM_update!A:E,4,0) -> Por | F69: Standard | G69: 45839 | H69: =IF(F69="Vivaio", DATE(2999, 12, 31), IF(F69="Standard", DATE(YEAR(G69)+1, MONTH(G69), DAY(G69)), IF(F69="Standard Inverno", DATE(2026, 7, 1), IF(OR(F69="Diritto 1+1", F69="Obbligo 1+1"), DATE(YEAR(G69)+2, MONTH(G69), DAY(G69)), IF(F69="Obbligo 1+2", DATE(YEAR(G69)+3, MONTH(G69), DAY(G69)), IF(OR(F69="Inverno Obbligo 1,5", F69="Inverno Diritto 0,5 + 1"), DATE(YEAR(G69)+1, MONTH(G69)+6, DAY(G69)), IF(F69="Inverno Obbligo 2,5", DATE(YEAR(G69)+2, MONTH(G69)+6, DAY(G69)), G69) ) ) ) ) ) ) -> 46204 | I69: Svincolo pausa invernale | J69: =VLOOKUP(A69,Asteriscati25!B:N,13,0) -> #N/A | L69: =VLOOKUP(B69,Rose!B:D,3,0) -> #REF! | M69: =VLOOKUP(B69,FVM_Asta2526!A:N,14,0) -> 14 | N69: =VLOOKUP(A69,FVM_update!B:N,13,0) -> 10 | O69: =VLOOKUP(B69,'FVM_1luglio-31luglio25'!D:Q,14,0) -> 25 | P69: =IFERROR(N69,O69) -> 10 | Q69: =IF(OR(F69="Standard",F69="Standard Inverno"),CEILING((M69/10),0.5), IF(OR(F69="Diritto 1+1",M69="Inverno Diritto 0,5 + 1"),CEILING((M69/10)*1.3,0.5), CEILING((M69/10)*1.15,0.5))) -> 1.5 | R69: =IF(I69="vivaio", 0.5, IF(OR(I69="asta", I69="Svincolato riconferma anno corrente", I69="vivaio", I69="promosso da vivaio"), Q69, IF(OR(I69="asta riparazione", I69="Svincolato obbligo anno precedente", I69="Svincolo pausa invernale"), MAX(0.5, CEILING(Q69 / 2, 0.5)), IF(OR(I69="ceduto in prestito", I69="acquisito in prestito", I69="acquistato tit definitivo", I69="Ceduto tit definitivo"),CEILING(Q69 * K69, 0.5), IF(I69="asteriscato", "inserire a mano", "")))) ) -> 1
A70: =VLOOKUP(B70,FVM_update!A:B,2,0) -> 5841 | B70: SVILAR | C70: Bimbe di Tonali | D70: =VLOOKUP(B70,FVM_update!A:F,6,0) -> Roma | E70: =VLOOKUP(B70,FVM_update!A:E,4,0) -> Por | F70: Obbligo 1+2 | G70: 45839 | H70: =IF(F70="Vivaio", DATE(2999, 12, 31), IF(F70="Standard", DATE(YEAR(G70)+1, MONTH(G70), DAY(G70)), IF(F70="Standard Inverno", DATE(2026, 7, 1), IF(OR(F70="Diritto 1+1", F70="Obbligo 1+1"), DATE(YEAR(G70)+2, MONTH(G70), DAY(G70)), IF(F70="Obbligo 1+2", DATE(YEAR(G70)+3, MONTH(G70), DAY(G70)), IF(OR(F70="Inverno Obbligo 1,5", F70="Inverno Diritto 0,5 + 1"), DATE(YEAR(G70)+1, MONTH(G70)+6, DAY(G70)), IF(F70="Inverno Obbligo 2,5", DATE(YEAR(G70)+2, MONTH(G70)+6, DAY(G70)), G70) ) ) ) ) ) ) -> 46935 | I70: Asta | J70: =VLOOKUP(A70,Asteriscati25!B:N,13,0) -> #N/A | L70: =VLOOKUP(B70,Rose!B:D,3,0) -> #REF! | M70: =VLOOKUP(B70,FVM_Asta2526!A:N,14,0) -> 85 | N70: =VLOOKUP(A70,FVM_update!B:N,13,0) -> 101 | O70: =VLOOKUP(B70,'FVM_1luglio-31luglio25'!D:Q,14,0) -> 76 | P70: =IFERROR(N70,O70) -> 101 | Q70: =IF(OR(F70="Standard",F70="Standard Inverno"),CEILING((M70/10),0.5), IF(OR(F70="Diritto 1+1",M70="Inverno Diritto 0,5 + 1"),CEILING((M70/10)*1.3,0.5), CEILING((M70/10)*1.15,0.5))) -> 10 | R70: =IF(I70="vivaio", 0.5, IF(OR(I70="asta", I70="Svincolato riconferma anno corrente", I70="vivaio", I70="promosso da vivaio"), Q70, IF(OR(I70="asta riparazione", I70="Svincolato obbligo anno precedente", I70="Svincolo pausa invernale"), MAX(0.5, CEILING(Q70 / 2, 0.5)), IF(OR(I70="ceduto in prestito", I70="acquisito in prestito", I70="acquistato tit definitivo", I70="Ceduto tit definitivo"),CEILING(Q70 * K70, 0.5), IF(I70="asteriscato", "inserire a mano", "")))) ) -> 10
A71: =VLOOKUP(B71,FVM_update!A:B,2,0) -> 6125 | B71: VASQUEZ D. | C71: Bimbe di Tonali | D71: =VLOOKUP(B71,FVM_update!A:F,6,0) -> Roma | E71: =VLOOKUP(B71,FVM_update!A:E,4,0) -> Por | F71: Standard | G71: 45839 | H71: =IF(F71="Vivaio", DATE(2999, 12, 31), IF(F71="Standard", DATE(YEAR(G71)+1, MONTH(G71), DAY(G71)), IF(F71="Standard Inverno", DATE(2026, 7, 1), IF(OR(F71="Diritto 1+1", F71="Obbligo 1+1"), DATE(YEAR(G71)+2, MONTH(G71), DAY(G71)), IF(F71="Obbligo 1+2", DATE(YEAR(G71)+3, MONTH(G71), DAY(G71)), IF(OR(F71="Inverno Obbligo 1,5", F71="Inverno Diritto 0,5 + 1"), DATE(YEAR(G71)+1, MONTH(G71)+6, DAY(G71)), IF(F71="Inverno Obbligo 2,5", DATE(YEAR(G71)+2, MONTH(G71)+6, DAY(G71)), G71) ) ) ) ) ) ) -> 46204 | I71: Asta | J71: =VLOOKUP(A71,Asteriscati25!B:N,13,0) -> #N/A | L71: =VLOOKUP(B71,Rose!B:D,3,0) -> #REF! | M71: =VLOOKUP(B71,FVM_Asta2526!A:N,14,0) -> 1 | N71: =VLOOKUP(A71,FVM_update!B:N,13,0) -> 1 | O71: =VLOOKUP(B71,'FVM_1luglio-31luglio25'!D:Q,14,0) -> 11 | P71: =IFERROR(N71,O71) -> 1 | Q71: =IF(OR(F71="Standard",F71="Standard Inverno"),CEILING((M71/10),0.5), IF(OR(F71="Diritto 1+1",M71="Inverno Diritto 0,5 + 1"),CEILING((M71/10)*1.3,0.5), CEILING((M71/10)*1.15,0.5))) -> 0.5 | R71: =IF(I71="vivaio", 0.5, IF(OR(I71="asta", I71="Svincolato riconferma anno corrente", I71="vivaio", I71="promosso da vivaio"), Q71, IF(OR(I71="asta riparazione", I71="Svincolato obbligo anno precedente", I71="Svincolo pausa invernale"), MAX(0.5, CEILING(Q71 / 2, 0.5)), IF(OR(I71="ceduto in prestito", I71="acquisito in prestito", I71="acquistato tit definitivo", I71="Ceduto tit definitivo"),CEILING(Q71 * K71, 0.5), IF(I71="asteriscato", "inserire a mano", "")))) ) -> 0.5
A72: =VLOOKUP(B72,FVM_update!A:B,2,0) -> 7181 | B72: WESLEY | C72: Bimbe di Tonali | D72: =VLOOKUP(B72,FVM_update!A:F,6,0) -> Roma | E72: =VLOOKUP(B72,FVM_update!A:E,4,0) -> E | F72: Standard | G72: 45839 | H72: =IF(F72="Vivaio", DATE(2999, 12, 31), IF(F72="Standard", DATE(YEAR(G72)+1, MONTH(G72), DAY(G72)), IF(F72="Standard Inverno", DATE(2026, 7, 1), IF(OR(F72="Diritto 1+1", F72="Obbligo 1+1"), DATE(YEAR(G72)+2, MONTH(G72), DAY(G72)), IF(F72="Obbligo 1+2", DATE(YEAR(G72)+3, MONTH(G72), DAY(G72)), IF(OR(F72="Inverno Obbligo 1,5", F72="Inverno Diritto 0,5 + 1"), DATE(YEAR(G72)+1, MONTH(G72)+6, DAY(G72)), IF(F72="Inverno Obbligo 2,5", DATE(YEAR(G72)+2, MONTH(G72)+6, DAY(G72)), G72) ) ) ) ) ) ) -> 46204 | I72: Asta | J72: =VLOOKUP(A72,Asteriscati25!B:N,13,0) -> #N/A | L72: =VLOOKUP(B72,Rose!B:D,3,0) -> #REF! | M72: =VLOOKUP(B72,FVM_Asta2526!A:N,14,0) -> 52 | N72: =VLOOKUP(A72,FVM_update!B:N,13,0) -> 45 | O72: =VLOOKUP(B72,'FVM_1luglio-31luglio25'!D:Q,14,0) -> #N/A | P72: =IFERROR(N72,O72) -> 45 | Q72: =IF(OR(F72="Standard",F72="Standard Inverno"),CEILING((M72/10),0.5), IF(OR(F72="Diritto 1+1",M72="Inverno Diritto 0,5 + 1"),CEILING((M72/10)*1.3,0.5), CEILING((M72/10)*1.15,0.5))) -> 5.5 | R72: =IF(I72="vivaio", 0.5, IF(OR(I72="asta", I72="Svincolato riconferma anno corrente", I72="vivaio", I72="promosso da vivaio"), Q72, IF(OR(I72="asta riparazione", I72="Svincolato obbligo anno precedente", I72="Svincolo pausa invernale"), MAX(0.5, CEILING(Q72 / 2, 0.5)), IF(OR(I72="ceduto in prestito", I72="acquisito in prestito", I72="acquistato tit definitivo", I72="Ceduto tit definitivo"),CEILING(Q72 * K72, 0.5), IF(I72="asteriscato", "inserire a mano", "")))) ) -> 5.5
A73: =VLOOKUP(B73,FVM_update!A:B,2,0) -> 7169 | B73: Zelezny | C73: Bimbe di Tonali | D73: =VLOOKUP(B73,FVM_update!A:F,6,0) -> Roma | E73: =VLOOKUP(B73,FVM_update!A:E,4,0) -> Por | F73: Vivaio | G73: 45839 | H73: =IF(F73="Vivaio", DATE(2999, 12, 31), IF(F73="Standard", DATE(YEAR(G73)+1, MONTH(G73), DAY(G73)), IF(F73="Standard Inverno", DATE(2026, 7, 1), IF(OR(F73="Diritto 1+1", F73="Obbligo 1+1"), DATE(YEAR(G73)+2, MONTH(G73), DAY(G73)), IF(F73="Obbligo 1+2", DATE(YEAR(G73)+3, MONTH(G73), DAY(G73)), IF(OR(F73="Inverno Obbligo 1,5", F73="Inverno Diritto 0,5 + 1"), DATE(YEAR(G73)+1, MONTH(G73)+6, DAY(G73)), IF(F73="Inverno Obbligo 2,5", DATE(YEAR(G73)+2, MONTH(G73)+6, DAY(G73)), G73) ) ) ) ) ) ) -> 401768 | I73: Vivaio | J73: =VLOOKUP(A73,Asteriscati25!B:N,13,0) -> #N/A | L73: =VLOOKUP(B73,Rose!B:D,3,0) -> #REF! | M73: =VLOOKUP(B73,FVM_Asta2526!A:N,14,0) -> 1 | N73: =VLOOKUP(A73,FVM_update!B:N,13,0) -> 1 | O73: =VLOOKUP(B73,'FVM_1luglio-31luglio25'!D:Q,14,0) -> #N/A | P73: =IFERROR(N73,O73) -> 1 | Q73: =IF(OR(F73="Standard",F73="Standard Inverno"),CEILING((M73/10),0.5), IF(OR(F73="Diritto 1+1",M73="Inverno Diritto 0,5 + 1"),CEILING((M73/10)*1.3,0.5), CEILING((M73/10)*1.15,0.5))) -> 0.5 | R73: =IF(I73="vivaio", 0.5, IF(OR(I73="asta", I73="Svincolato riconferma anno corrente", I73="vivaio", I73="promosso da vivaio"), Q73, IF(OR(I73="asta riparazione", I73="Svincolato obbligo anno precedente", I73="Svincolo pausa invernale"), MAX(0.5, CEILING(Q73 / 2, 0.5)), IF(OR(I73="ceduto in prestito", I73="acquisito in prestito", I73="acquistato tit definitivo", I73="Ceduto tit definitivo"),CEILING(Q73 * K73, 0.5), IF(I73="asteriscato", "inserire a mano", "")))) ) -> 0.5
A74: =VLOOKUP(B74,FVM_update!A:B,2,0) -> 610 | B74: Gollini | C74: Bimbe di Tonali | D74: =VLOOKUP(B74,FVM_update!A:F,6,0) -> Roma | E74: =VLOOKUP(B74,FVM_update!A:E,4,0) -> Por | F74: Standard inverno | G74: 46054 | H74: =IF(F74="Vivaio", DATE(2999, 12, 31), IF(F74="Standard", DATE(YEAR(G74)+1, MONTH(G74), DAY(G74)), IF(F74="Standard Inverno", DATE(2026, 7, 1), IF(OR(F74="Diritto 1+1", F74="Obbligo 1+1"), DATE(YEAR(G74)+2, MONTH(G74), DAY(G74)), IF(F74="Obbligo 1+2", DATE(YEAR(G74)+3, MONTH(G74), DAY(G74)), IF(OR(F74="Inverno Obbligo 1,5", F74="Inverno Diritto 0,5 + 1"), DATE(YEAR(G74)+1, MONTH(G74)+6, DAY(G74)), IF(F74="Inverno Obbligo 2,5", DATE(YEAR(G74)+2, MONTH(G74)+6, DAY(G74)), G74) ) ) ) ) ) ) -> 46204 | I74: Asta riparazione | J74: =VLOOKUP(A74,Asteriscati25!B:N,13,0) -> #N/A | L74: =VLOOKUP(B74,Rose!B:D,3,0) -> #REF! | M74: 1 | N74: =VLOOKUP(A74,FVM_update!B:N,13,0) -> 1 | O74: =VLOOKUP(B74,'FVM_1luglio-31luglio25'!D:Q,14,0) -> 19 | P74: =IFERROR(N74,O74) -> 1 | Q74: =IF(OR(F74="Standard",F74="Standard Inverno"),CEILING((M74/10),0.5), IF(OR(F74="Diritto 1+1",M74="Inverno Diritto 0,5 + 1"),CEILING((M74/10)*1.3,0.5), CEILING((M74/10)*1.15,0.5))) -> 0.5 | R74: =IF(I74="vivaio", 0.5, IF(OR(I74="asta", I74="Svincolato riconferma anno corrente", I74="vivaio", I74="promosso da vivaio"), Q74, IF(OR(I74="asta riparazione", I74="Svincolato obbligo anno precedente", I74="Svincolo pausa invernale"), MAX(0.5, CEILING(Q74 / 2, 0.5)), IF(OR(I74="ceduto in prestito", I74="acquisito in prestito", I74="acquistato tit definitivo", I74="Ceduto tit definitivo"),CEILING(Q74 * K74, 0.5), IF(I74="asteriscato", "inserire a mano", "")))) ) -> 0.5
A75: =VLOOKUP(B75,FVM_update!A:B,2,0) -> 7356 | B75: Mlacic | C75: Bimbe di Tonali | D75: =VLOOKUP(B75,FVM_update!A:F,6,0) -> Udinese | E75: =VLOOKUP(B75,FVM_update!A:E,4,0) -> Dc | F75: Standard inverno | G75: 46054 | H75: =IF(F75="Vivaio", DATE(2999, 12, 31), IF(F75="Standard", DATE(YEAR(G75)+1, MONTH(G75), DAY(G75)), IF(F75="Standard Inverno", DATE(2026, 7, 1), IF(OR(F75="Diritto 1+1", F75="Obbligo 1+1"), DATE(YEAR(G75)+2, MONTH(G75), DAY(G75)), IF(F75="Obbligo 1+2", DATE(YEAR(G75)+3, MONTH(G75), DAY(G75)), IF(OR(F75="Inverno Obbligo 1,5", F75="Inverno Diritto 0,5 + 1"), DATE(YEAR(G75)+1, MONTH(G75)+6, DAY(G75)), IF(F75="Inverno Obbligo 2,5", DATE(YEAR(G75)+2, MONTH(G75)+6, DAY(G75)), G75) ) ) ) ) ) ) -> 46204 | I75: Asta riparazione | J75: =VLOOKUP(A75,Asteriscati25!B:N,13,0) -> #N/A | L75: =VLOOKUP(B75,Rose!B:D,3,0) -> #REF! | M75: 8 | N75: =VLOOKUP(A75,FVM_update!B:N,13,0) -> 8 | O75: =VLOOKUP(B75,'FVM_1luglio-31luglio25'!D:Q,14,0) -> #N/A | P75: =IFERROR(N75,O75) -> 8 | Q75: =IF(OR(F75="Standard",F75="Standard Inverno"),CEILING((M75/10),0.5), IF(OR(F75="Diritto 1+1",M75="Inverno Diritto 0,5 + 1"),CEILING((M75/10)*1.3,0.5), CEILING((M75/10)*1.15,0.5))) -> 1 | R75: =IF(I75="vivaio", 0.5, IF(OR(I75="asta", I75="Svincolato riconferma anno corrente", I75="vivaio", I75="promosso da vivaio"), Q75, IF(OR(I75="asta riparazione", I75="Svincolato obbligo anno precedente", I75="Svincolo pausa invernale"), MAX(0.5, CEILING(Q75 / 2, 0.5)), IF(OR(I75="ceduto in prestito", I75="acquisito in prestito", I75="acquistato tit definitivo", I75="Ceduto tit definitivo"),CEILING(Q75 * K75, 0.5), IF(I75="asteriscato", "inserire a mano", "")))) ) -> 0.5
A76: =VLOOKUP(B76,FVM_update!A:B,2,0) -> 4137 | B76: Diego Carlos | C76: Bimbe di Tonali | D76: =VLOOKUP(B76,FVM_update!A:F,6,0) -> Como | E76: =VLOOKUP(B76,FVM_update!A:E,4,0) -> Dc | F76: Standard inverno | G76: 46054 | H76: =IF(F76="Vivaio", DATE(2999, 12, 31), IF(F76="Standard", DATE(YEAR(G76)+1, MONTH(G76), DAY(G76)), IF(F76="Standard Inverno", DATE(2026, 7, 1), IF(OR(F76="Diritto 1+1", F76="Obbligo 1+1"), DATE(YEAR(G76)+2, MONTH(G76), DAY(G76)), IF(F76="Obbligo 1+2", DATE(YEAR(G76)+3, MONTH(G76), DAY(G76)), IF(OR(F76="Inverno Obbligo 1,5", F76="Inverno Diritto 0,5 + 1"), DATE(YEAR(G76)+1, MONTH(G76)+6, DAY(G76)), IF(F76="Inverno Obbligo 2,5", DATE(YEAR(G76)+2, MONTH(G76)+6, DAY(G76)), G76) ) ) ) ) ) ) -> 46204 | I76: Asta riparazione | J76: =VLOOKUP(A76,Asteriscati25!B:N,13,0) -> #N/A | L76: =VLOOKUP(B76,Rose!B:D,3,0) -> #REF! | M76: 21 | N76: =VLOOKUP(A76,FVM_update!B:N,13,0) -> 21 | O76: =VLOOKUP(B76,'FVM_1luglio-31luglio25'!D:Q,14,0) -> #N/A | P76: =IFERROR(N76,O76) -> 21 | Q76: =IF(OR(F76="Standard",F76="Standard Inverno"),CEILING((M76/10),0.5), IF(OR(F76="Diritto 1+1",M76="Inverno Diritto 0,5 + 1"),CEILING((M76/10)*1.3,0.5), CEILING((M76/10)*1.15,0.5))) -> 2.5 | R76: =IF(I76="vivaio", 0.5, IF(OR(I76="asta", I76="Svincolato riconferma anno corrente", I76="vivaio", I76="promosso da vivaio"), Q76, IF(OR(I76="asta riparazione", I76="Svincolato obbligo anno precedente", I76="Svincolo pausa invernale"), MAX(0.5, CEILING(Q76 / 2, 0.5)), IF(OR(I76="ceduto in prestito", I76="acquisito in prestito", I76="acquistato tit definitivo", I76="Ceduto tit definitivo"),CEILING(Q76 * K76, 0.5), IF(I76="asteriscato", "inserire a mano", "")))) ) -> 1.5
A77: =VLOOKUP(B77,FVM_update!A:B,2,0) -> 554 | B77: Zappacosta | C77: Bimbe di Tonali | D77: =VLOOKUP(B77,FVM_update!A:F,6,0) -> Atalanta | E77: =VLOOKUP(B77,FVM_update!A:E,4,0) -> E | F77: Standard inverno | G77: 46054 | H77: =IF(F77="Vivaio", DATE(2999, 12, 31), IF(F77="Standard", DATE(YEAR(G77)+1, MONTH(G77), DAY(G77)), IF(F77="Standard Inverno", DATE(2026, 7, 1), IF(OR(F77="Diritto 1+1", F77="Obbligo 1+1"), DATE(YEAR(G77)+2, MONTH(G77), DAY(G77)), IF(F77="Obbligo 1+2", DATE(YEAR(G77)+3, MONTH(G77), DAY(G77)), IF(OR(F77="Inverno Obbligo 1,5", F77="Inverno Diritto 0,5 + 1"), DATE(YEAR(G77)+1, MONTH(G77)+6, DAY(G77)), IF(F77="Inverno Obbligo 2,5", DATE(YEAR(G77)+2, MONTH(G77)+6, DAY(G77)), G77) ) ) ) ) ) ) -> 46204 | I77: Asta riparazione | J77: =VLOOKUP(A77,Asteriscati25!B:N,13,0) -> #N/A | L77: =VLOOKUP(B77,Rose!B:D,3,0) -> #REF! | M77: 20 | N77: =VLOOKUP(A77,FVM_update!B:N,13,0) -> 20 | O77: =VLOOKUP(B77,'FVM_1luglio-31luglio25'!D:Q,14,0) -> 29 | P77: =IFERROR(N77,O77) -> 20 | Q77: =IF(OR(F77="Standard",F77="Standard Inverno"),CEILING((M77/10),0.5), IF(OR(F77="Diritto 1+1",M77="Inverno Diritto 0,5 + 1"),CEILING((M77/10)*1.3,0.5), CEILING((M77/10)*1.15,0.5))) -> 2 | R77: =IF(I77="vivaio", 0.5, IF(OR(I77="asta", I77="Svincolato riconferma anno corrente", I77="vivaio", I77="promosso da vivaio"), Q77, IF(OR(I77="asta riparazione", I77="Svincolato obbligo anno precedente", I77="Svincolo pausa invernale"), MAX(0.5, CEILING(Q77 / 2, 0.5)), IF(OR(I77="ceduto in prestito", I77="acquisito in prestito", I77="acquistato tit definitivo", I77="Ceduto tit definitivo"),CEILING(Q77 * K77, 0.5), IF(I77="asteriscato", "inserire a mano", "")))) ) -> 1
A78: =VLOOKUP(B78,FVM_update!A:B,2,0) -> 4947 | B78: Brescianini | C78: Bimbe di Tonali | D78: =VLOOKUP(B78,FVM_update!A:F,6,0) -> Fiorentina | E78: =VLOOKUP(B78,FVM_update!A:E,4,0) -> C;T | F78: Standard inverno | G78: 46054 | H78: =IF(F78="Vivaio", DATE(2999, 12, 31), IF(F78="Standard", DATE(YEAR(G78)+1, MONTH(G78), DAY(G78)), IF(F78="Standard Inverno", DATE(2026, 7, 1), IF(OR(F78="Diritto 1+1", F78="Obbligo 1+1"), DATE(YEAR(G78)+2, MONTH(G78), DAY(G78)), IF(F78="Obbligo 1+2", DATE(YEAR(G78)+3, MONTH(G78), DAY(G78)), IF(OR(F78="Inverno Obbligo 1,5", F78="Inverno Diritto 0,5 + 1"), DATE(YEAR(G78)+1, MONTH(G78)+6, DAY(G78)), IF(F78="Inverno Obbligo 2,5", DATE(YEAR(G78)+2, MONTH(G78)+6, DAY(G78)), G78) ) ) ) ) ) ) -> 46204 | I78: Asta riparazione | J78: =VLOOKUP(A78,Asteriscati25!B:N,13,0) -> #N/A | L78: =VLOOKUP(B78,Rose!B:D,3,0) -> #REF! | M78: 28 | N78: =VLOOKUP(A78,FVM_update!B:N,13,0) -> 28 | O78: =VLOOKUP(B78,'FVM_1luglio-31luglio25'!D:Q,14,0) -> 36 | P78: =IFERROR(N78,O78) -> 28 | Q78: =IF(OR(F78="Standard",F78="Standard Inverno"),CEILING((M78/10),0.5), IF(OR(F78="Diritto 1+1",M78="Inverno Diritto 0,5 + 1"),CEILING((M78/10)*1.3,0.5), CEILING((M78/10)*1.15,0.5))) -> 3 | R78: =IF(I78="vivaio", 0.5, IF(OR(I78="asta", I78="Svincolato riconferma anno corrente", I78="vivaio", I78="promosso da vivaio"), Q78, IF(OR(I78="asta riparazione", I78="Svincolato obbligo anno precedente", I78="Svincolo pausa invernale"), MAX(0.5, CEILING(Q78 / 2, 0.5)), IF(OR(I78="ceduto in prestito", I78="acquisito in prestito", I78="acquistato tit definitivo", I78="Ceduto tit definitivo"),CEILING(Q78 * K78, 0.5), IF(I78="asteriscato", "inserire a mano", "")))) ) -> 1.5
A79: =VLOOKUP(B79,FVM_update!A:B,2,0) -> 7223 | B79: Vergara | C79: Bimbe di Tonali | D79: =VLOOKUP(B79,FVM_update!A:F,6,0) -> Napoli | E79: =VLOOKUP(B79,FVM_update!A:E,4,0) -> W;T | F79: Inverno Obbligo 1,5 | G79: 46054 | H79: =IF(F79="Vivaio", DATE(2999, 12, 31), IF(F79="Standard", DATE(YEAR(G79)+1, MONTH(G79), DAY(G79)), IF(F79="Standard Inverno", DATE(2026, 7, 1), IF(OR(F79="Diritto 1+1", F79="Obbligo 1+1"), DATE(YEAR(G79)+2, MONTH(G79), DAY(G79)), IF(F79="Obbligo 1+2", DATE(YEAR(G79)+3, MONTH(G79), DAY(G79)), IF(OR(F79="Inverno Obbligo 1,5", F79="Inverno Diritto 0,5 + 1"), DATE(YEAR(G79)+1, MONTH(G79)+6, DAY(G79)), IF(F79="Inverno Obbligo 2,5", DATE(YEAR(G79)+2, MONTH(G79)+6, DAY(G79)), G79) ) ) ) ) ) ) -> 46600 | I79: Asta riparazione | J79: =VLOOKUP(A79,Asteriscati25!B:N,13,0) -> #N/A | L79: =VLOOKUP(B79,Rose!B:D,3,0) -> #REF! | M79: 23 | N79: =VLOOKUP(A79,FVM_update!B:N,13,0) -> 23 | O79: =VLOOKUP(B79,'FVM_1luglio-31luglio25'!D:Q,14,0) -> #N/A | P79: =IFERROR(N79,O79) -> 23 | Q79: =IF(OR(F79="Standard",F79="Standard Inverno"),CEILING((M79/10),0.5), IF(OR(F79="Diritto 1+1",M79="Inverno Diritto 0,5 + 1"),CEILING((M79/10)*1.3,0.5), CEILING((M79/10)*1.15,0.5))) -> 3 | R79: =IF(I79="vivaio", 0.5, IF(OR(I79="asta", I79="Svincolato riconferma anno corrente", I79="vivaio", I79="promosso da vivaio"), Q79, IF(OR(I79="asta riparazione", I79="Svincolato obbligo anno precedente", I79="Svincolo pausa invernale"), MAX(0.5, CEILING(Q79 / 2, 0.5)), IF(OR(I79="ceduto in prestito", I79="acquisito in prestito", I79="acquistato tit definitivo", I79="Ceduto tit definitivo"),CEILING(Q79 * K79, 0.5), IF(I79="asteriscato", "inserire a mano", "")))) ) -> 1.5
A80: =VLOOKUP(B80,FVM_update!A:B,2,0) -> 6575 | B80: Zaragoza | C80: Bimbe di Tonali | D80: =VLOOKUP(B80,FVM_update!A:F,6,0) -> Roma | E80: =VLOOKUP(B80,FVM_update!A:E,4,0) -> W;A | F80: Inverno Obbligo 1,5 | G80: 46054 | H80: =IF(F80="Vivaio", DATE(2999, 12, 31), IF(F80="Standard", DATE(YEAR(G80)+1, MONTH(G80), DAY(G80)), IF(F80="Standard Inverno", DATE(2026, 7, 1), IF(OR(F80="Diritto 1+1", F80="Obbligo 1+1"), DATE(YEAR(G80)+2, MONTH(G80), DAY(G80)), IF(F80="Obbligo 1+2", DATE(YEAR(G80)+3, MONTH(G80), DAY(G80)), IF(OR(F80="Inverno Obbligo 1,5", F80="Inverno Diritto 0,5 + 1"), DATE(YEAR(G80)+1, MONTH(G80)+6, DAY(G80)), IF(F80="Inverno Obbligo 2,5", DATE(YEAR(G80)+2, MONTH(G80)+6, DAY(G80)), G80) ) ) ) ) ) ) -> 46600 | I80: Asta riparazione | J80: =VLOOKUP(A80,Asteriscati25!B:N,13,0) -> #N/A | L80: =VLOOKUP(B80,Rose!B:D,3,0) -> #REF! | M80: 15 | N80: =VLOOKUP(A80,FVM_update!B:N,13,0) -> 15 | O80: =VLOOKUP(B80,'FVM_1luglio-31luglio25'!D:Q,14,0) -> #N/A | P80: =IFERROR(N80,O80) -> 15 | Q80: =IF(OR(F80="Standard",F80="Standard Inverno"),CEILING((M80/10),0.5), IF(OR(F80="Diritto 1+1",M80="Inverno Diritto 0,5 + 1"),CEILING((M80/10)*1.3,0.5), CEILING((M80/10)*1.15,0.5))) -> 2 | R80: =IF(I80="vivaio", 0.5, IF(OR(I80="asta", I80="Svincolato riconferma anno corrente", I80="vivaio", I80="promosso da vivaio"), Q80, IF(OR(I80="asta riparazione", I80="Svincolato obbligo anno precedente", I80="Svincolo pausa invernale"), MAX(0.5, CEILING(Q80 / 2, 0.5)), IF(OR(I80="ceduto in prestito", I80="acquisito in prestito", I80="acquistato tit definitivo", I80="Ceduto tit definitivo"),CEILING(Q80 * K80, 0.5), IF(I80="asteriscato", "inserire a mano", "")))) ) -> 1
A81: =VLOOKUP(B81,FVM_update!A:B,2,0) -> 6380 | B81: Solomon | C81: Bimbe di Tonali | D81: =VLOOKUP(B81,FVM_update!A:F,6,0) -> Fiorentina | E81: =VLOOKUP(B81,FVM_update!A:E,4,0) -> W;A | F81: Standard inverno | G81: 46054 | H81: =IF(F81="Vivaio", DATE(2999, 12, 31), IF(F81="Standard", DATE(YEAR(G81)+1, MONTH(G81), DAY(G81)), IF(F81="Standard Inverno", DATE(2026, 7, 1), IF(OR(F81="Diritto 1+1", F81="Obbligo 1+1"), DATE(YEAR(G81)+2, MONTH(G81), DAY(G81)), IF(F81="Obbligo 1+2", DATE(YEAR(G81)+3, MONTH(G81), DAY(G81)), IF(OR(F81="Inverno Obbligo 1,5", F81="Inverno Diritto 0,5 + 1"), DATE(YEAR(G81)+1, MONTH(G81)+6, DAY(G81)), IF(F81="Inverno Obbligo 2,5", DATE(YEAR(G81)+2, MONTH(G81)+6, DAY(G81)), G81) ) ) ) ) ) ) -> 46204 | I81: Asta riparazione | J81: =VLOOKUP(A81,Asteriscati25!B:N,13,0) -> #N/A | L81: =VLOOKUP(B81,Rose!B:D,3,0) -> #REF! | M81: 20 | N81: =VLOOKUP(A81,FVM_update!B:N,13,0) -> 20 | O81: =VLOOKUP(B81,'FVM_1luglio-31luglio25'!D:Q,14,0) -> #N/A | P81: =IFERROR(N81,O81) -> 20 | Q81: =IF(OR(F81="Standard",F81="Standard Inverno"),CEILING((M81/10),0.5), IF(OR(F81="Diritto 1+1",M81="Inverno Diritto 0,5 + 1"),CEILING((M81/10)*1.3,0.5), CEILING((M81/10)*1.15,0.5))) -> 2 | R81: =IF(I81="vivaio", 0.5, IF(OR(I81="asta", I81="Svincolato riconferma anno corrente", I81="vivaio", I81="promosso da vivaio"), Q81, IF(OR(I81="asta riparazione", I81="Svincolato obbligo anno precedente", I81="Svincolo pausa invernale"), MAX(0.5, CEILING(Q81 / 2, 0.5)), IF(OR(I81="ceduto in prestito", I81="acquisito in prestito", I81="acquistato tit definitivo", I81="Ceduto tit definitivo"),CEILING(Q81 * K81, 0.5), IF(I81="asteriscato", "inserire a mano", "")))) ) -> 1
A82: =VLOOKUP(B82,FVM_update!A:B,2,0) -> 7254 | B82: Lorran | C82: Bimbe di Tonali | D82: =VLOOKUP(B82,FVM_update!A:F,6,0) -> Pisa | E82: =VLOOKUP(B82,FVM_update!A:E,4,0) -> T | F82: Vivaio | G82: 45839 | H82: =IF(F82="Vivaio", DATE(2999, 12, 31), IF(F82="Standard", DATE(YEAR(G82)+1, MONTH(G82), DAY(G82)), IF(F82="Standard Inverno", DATE(2026, 7, 1), IF(OR(F82="Diritto 1+1", F82="Obbligo 1+1"), DATE(YEAR(G82)+2, MONTH(G82), DAY(G82)), IF(F82="Obbligo 1+2", DATE(YEAR(G82)+3, MONTH(G82), DAY(G82)), IF(OR(F82="Inverno Obbligo 1,5", F82="Inverno Diritto 0,5 + 1"), DATE(YEAR(G82)+1, MONTH(G82)+6, DAY(G82)), IF(F82="Inverno Obbligo 2,5", DATE(YEAR(G82)+2, MONTH(G82)+6, DAY(G82)), G82) ) ) ) ) ) ) -> 401768 | I82: Svincolo pausa invernale | J82: =VLOOKUP(A82,Asteriscati25!B:N,13,0) -> #N/A | K82: 0.4 | L82: =VLOOKUP(B82,Rose!B:D,3,0) -> #REF! | M82: =VLOOKUP(B82,FVM_Asta2526!A:N,14,0) -> 13 | N82: =VLOOKUP(A82,FVM_update!B:N,13,0) -> 10 | O82: =VLOOKUP(B82,'FVM_1luglio-31luglio25'!D:Q,14,0) -> #N/A | P82: =IFERROR(N82,O82) -> 10 | Q82: =IF(OR(F82="Standard",F82="Standard Inverno"),CEILING((M82/10),0.5), IF(OR(F82="Diritto 1+1",M82="Inverno Diritto 0,5 + 1"),CEILING((M82/10)*1.3,0.5), CEILING((M82/10)*1.15,0.5))) -> 1.5 | R82: =IF(I82="vivaio", 0.5, IF(OR(I82="asta", I82="Svincolato riconferma anno corrente", I82="vivaio", I82="promosso da vivaio"), Q82, IF(OR(I82="asta riparazione", I82="Svincolato obbligo anno precedente", I82="Svincolo pausa invernale"), MAX(0.5, CEILING(Q82 / 2, 0.5)), IF(OR(I82="ceduto in prestito", I82="acquisito in prestito", I82="acquistato tit definitivo", I82="Ceduto tit definitivo"),CEILING(Q82 * K82, 0.5), IF(I82="asteriscato", "inserire a mano", "")))) ) -> 1
A83: =VLOOKUP(B83,FVM_update!A:B,2,0) -> 2764 | B83: Martinez L. | C83: Bimbe di Tonali | D83: =VLOOKUP(B83,FVM_update!A:F,6,0) -> Inter | E83: =VLOOKUP(B83,FVM_update!A:E,4,0) -> Pc | F83: =VLOOKUP(B83,'situazione contratti estate 24'!A:I,9,0) -> Obbligo 1+2 | G83: 45108 | H83: =IF(F83="Vivaio", DATE(2999, 12, 31), IF(F83="Standard", DATE(YEAR(G83)+1, MONTH(G83), DAY(G83)), IF(F83="Standard Inverno", DATE(2026, 7, 1), IF(OR(F83="Diritto 1+1", F83="Obbligo 1+1"), DATE(YEAR(G83)+2, MONTH(G83), DAY(G83)), IF(F83="Obbligo 1+2", DATE(YEAR(G83)+3, MONTH(G83), DAY(G83)), IF(OR(F83="Inverno Obbligo 1,5", F83="Inverno Diritto 0,5 + 1"), DATE(YEAR(G83)+1, MONTH(G83)+6, DAY(G83)), IF(F83="Inverno Obbligo 2,5", DATE(YEAR(G83)+2, MONTH(G83)+6, DAY(G83)), G83) ) ) ) ) ) ) -> 46204 | I83: Acquisito in prestito | J83: =VLOOKUP(A83,Asteriscati25!B:N,13,0) -> #N/A | K83: 0.4 | L83: =VLOOKUP(B83,Rose!B:D,3,0) -> #REF! | M83: =VLOOKUP(B83,FVM_Asta2324!C:M,11,0) -> 436 | N83: =VLOOKUP(A83,FVM_update!B:N,13,0) -> 370 | O83: =VLOOKUP(B83,'FVM_1luglio-31luglio25'!D:Q,14,0) -> 358 | P83: =IFERROR(N83,O83) -> 370 | Q83: =IF(OR(F83="Standard",F83="Standard Inverno"),CEILING((M83/10),0.5), IF(OR(F83="Diritto 1+1",M83="Inverno Diritto 0,5 + 1"),CEILING((M83/10)*1.3,0.5), CEILING((M83/10)*1.15,0.5))) -> 50.5 | R83: =IF(I83="vivaio", 0.5, IF(OR(I83="asta", I83="Svincolato riconferma anno corrente", I83="vivaio", I83="promosso da vivaio"), Q83, IF(OR(I83="asta riparazione", I83="Svincolato obbligo anno precedente", I83="Svincolo pausa invernale"), MAX(0.5, CEILING(Q83 / 2, 0.5)), IF(OR(I83="ceduto in prestito", I83="acquisito in prestito", I83="acquistato tit definitivo", I83="Ceduto tit definitivo"),CEILING(Q83 * K83, 0.5), IF(I83="asteriscato", "inserire a mano", "")))) ) -> 20.5
A84: =VLOOKUP(B84,FVM_update!A:B,2,0) -> 1852 | B84: SPINAZZOLA | C84: Bimbe di Tonali | D84: =VLOOKUP(B84,FVM_update!A:F,6,0) -> Napoli | E84: =VLOOKUP(B84,FVM_update!A:E,4,0) -> Ds;E | F84: Standard | G84: 45839 | H84: =IF(F84="Vivaio", DATE(2999, 12, 31), IF(F84="Standard", DATE(YEAR(G84)+1, MONTH(G84), DAY(G84)), IF(F84="Standard Inverno", DATE(2026, 7, 1), IF(OR(F84="Diritto 1+1", F84="Obbligo 1+1"), DATE(YEAR(G84)+2, MONTH(G84), DAY(G84)), IF(F84="Obbligo 1+2", DATE(YEAR(G84)+3, MONTH(G84), DAY(G84)), IF(OR(F84="Inverno Obbligo 1,5", F84="Inverno Diritto 0,5 + 1"), DATE(YEAR(G84)+1, MONTH(G84)+6, DAY(G84)), IF(F84="Inverno Obbligo 2,5", DATE(YEAR(G84)+2, MONTH(G84)+6, DAY(G84)), G84) ) ) ) ) ) ) -> 46204 | I84: Acquisito in prestito | J84: =VLOOKUP(A84,Asteriscati25!B:N,13,0) -> #N/A | K84: 0.4 | L84: =VLOOKUP(B84,Rose!B:D,3,0) -> #REF! | M84: =VLOOKUP(B84,FVM_Asta2526!A:N,14,0) -> 18 | N84: =VLOOKUP(A84,FVM_update!B:N,13,0) -> 48 | O84: =VLOOKUP(B84,'FVM_1luglio-31luglio25'!D:Q,14,0) -> 30 | P84: =IFERROR(N84,O84) -> 48 | Q84: =IF(OR(F84="Standard",F84="Standard Inverno"),CEILING((M84/10),0.5), IF(OR(F84="Diritto 1+1",M84="Inverno Diritto 0,5 + 1"),CEILING((M84/10)*1.3,0.5), CEILING((M84/10)*1.15,0.5))) -> 2 | R84: =IF(I84="vivaio", 0.5, IF(OR(I84="asta", I84="Svincolato riconferma anno corrente", I84="vivaio", I84="promosso da vivaio"), Q84, IF(OR(I84="asta riparazione", I84="Svincolato obbligo anno precedente", I84="Svincolo pausa invernale"), MAX(0.5, CEILING(Q84 / 2, 0.5)), IF(OR(I84="ceduto in prestito", I84="acquisito in prestito", I84="acquistato tit definitivo", I84="Ceduto tit definitivo"),CEILING(Q84 * K84, 0.5), IF(I84="asteriscato", "inserire a mano", "")))) ) -> 1
A85: =VLOOKUP(B85,FVM_update!A:B,2,0) -> 388 | B85: ALBIOL | C85: Ceretolo | D85: =VLOOKUP(B85,FVM_update!A:F,6,0) -> Pisa | E85: =VLOOKUP(B85,FVM_update!A:E,4,0) -> Dc | F85: Standard | G85: 45839 | H85: =IF(F85="Vivaio", DATE(2999, 12, 31), IF(F85="Standard", DATE(YEAR(G85)+1, MONTH(G85), DAY(G85)), IF(F85="Standard Inverno", DATE(2026, 7, 1), IF(OR(F85="Diritto 1+1", F85="Obbligo 1+1"), DATE(YEAR(G85)+2, MONTH(G85), DAY(G85)), IF(F85="Obbligo 1+2", DATE(YEAR(G85)+3, MONTH(G85), DAY(G85)), IF(OR(F85="Inverno Obbligo 1,5", F85="Inverno Diritto 0,5 + 1"), DATE(YEAR(G85)+1, MONTH(G85)+6, DAY(G85)), IF(F85="Inverno Obbligo 2,5", DATE(YEAR(G85)+2, MONTH(G85)+6, DAY(G85)), G85) ) ) ) ) ) ) -> 46204 | I85: Svincolo pausa invernale | J85: =VLOOKUP(A85,Asteriscati25!B:N,13,0) -> #N/A | L85: =VLOOKUP(B85,Rose!B:D,3,0) -> #REF! | M85: =VLOOKUP(B85,FVM_Asta2526!A:N,14,0) -> 10 | N85: =VLOOKUP(A85,FVM_update!B:N,13,0) -> 9 | O85: =VLOOKUP(B85,'FVM_1luglio-31luglio25'!D:Q,14,0) -> #N/A | P85: =IFERROR(N85,O85) -> 9 | Q85: =IF(OR(F85="Standard",F85="Standard Inverno"),CEILING((M85/10),0.5), IF(OR(F85="Diritto 1+1",M85="Inverno Diritto 0,5 + 1"),CEILING((M85/10)*1.3,0.5), CEILING((M85/10)*1.15,0.5))) -> 1 | R85: =IF(I85="vivaio", 0.5, IF(OR(I85="asta", I85="Svincolato riconferma anno corrente", I85="vivaio", I85="promosso da vivaio"), Q85, IF(OR(I85="asta riparazione", I85="Svincolato obbligo anno precedente", I85="Svincolo pausa invernale"), MAX(0.5, CEILING(Q85 / 2, 0.5)), IF(OR(I85="ceduto in prestito", I85="acquisito in prestito", I85="acquistato tit definitivo", I85="Ceduto tit definitivo"),CEILING(Q85 * K85, 0.5), IF(I85="asteriscato", "inserire a mano", "")))) ) -> 0.5
A86: =VLOOKUP(B86,FVM_update!A:B,2,0) -> 4436 | B86: CAMBIAGHI | C86: Ceretolo | D86: =VLOOKUP(B86,FVM_update!A:F,6,0) -> Bologna | E86: =VLOOKUP(B86,FVM_update!A:E,4,0) -> A | F86: Diritto 1+1 | G86: 45839 | H86: =IF(F86="Vivaio", DATE(2999, 12, 31), IF(F86="Standard", DATE(YEAR(G86)+1, MONTH(G86), DAY(G86)), IF(F86="Standard Inverno", DATE(2026, 7, 1), IF(OR(F86="Diritto 1+1", F86="Obbligo 1+1"), DATE(YEAR(G86)+2, MONTH(G86), DAY(G86)), IF(F86="Obbligo 1+2", DATE(YEAR(G86)+3, MONTH(G86), DAY(G86)), IF(OR(F86="Inverno Obbligo 1,5", F86="Inverno Diritto 0,5 + 1"), DATE(YEAR(G86)+1, MONTH(G86)+6, DAY(G86)), IF(F86="Inverno Obbligo 2,5", DATE(YEAR(G86)+2, MONTH(G86)+6, DAY(G86)), G86) ) ) ) ) ) ) -> 46569 | I86: Ceduto tit definitivo | J86: =VLOOKUP(A86,Asteriscati25!B:N,13,0) -> #N/A | K86: 0.6 | L86: =VLOOKUP(B86,Rose!B:D,3,0) -> #REF! | M86: =VLOOKUP(B86,FVM_Asta2526!A:N,14,0) -> 25 | N86: =VLOOKUP(A86,FVM_update!B:N,13,0) -> 28 | O86: =VLOOKUP(B86,'FVM_1luglio-31luglio25'!D:Q,14,0) -> 20 | P86: =IFERROR(N86,O86) -> 28 | Q86: =IF(OR(F86="Standard",F86="Standard Inverno"),CEILING((M86/10),0.5), IF(OR(F86="Diritto 1+1",M86="Inverno Diritto 0,5 + 1"),CEILING((M86/10)*1.3,0.5), CEILING((M86/10)*1.15,0.5))) -> 3.5 | R86: =IF(I86="vivaio", 0.5, IF(OR(I86="asta", I86="Svincolato riconferma anno corrente", I86="vivaio", I86="promosso da vivaio"), Q86, IF(OR(I86="asta riparazione", I86="Svincolato obbligo anno precedente", I86="Svincolo pausa invernale"), MAX(0.5, CEILING(Q86 / 2, 0.5)), IF(OR(I86="ceduto in prestito", I86="acquisito in prestito", I86="acquistato tit definitivo", I86="Ceduto tit definitivo"),CEILING(Q86 * K86, 0.5), IF(I86="asteriscato", "inserire a mano", "")))) ) -> 2.5
A87: =VLOOKUP(B87,FVM_update!A:B,2,0) -> 5888 | B87: Casadei | C87: Ceretolo | D87: =VLOOKUP(B87,FVM_update!A:F,6,0) -> Torino | E87: =VLOOKUP(B87,FVM_update!A:E,4,0) -> C;T | F87: Inverno Obbligo 1,5 | G87: 45689 | H87: =IF(F87="Vivaio", DATE(2999, 12, 31), IF(F87="Standard", DATE(YEAR(G87)+1, MONTH(G87), DAY(G87)), IF(F87="Standard Inverno", DATE(2026, 7, 1), IF(OR(F87="Diritto 1+1", F87="Obbligo 1+1"), DATE(YEAR(G87)+2, MONTH(G87), DAY(G87)), IF(F87="Obbligo 1+2", DATE(YEAR(G87)+3, MONTH(G87), DAY(G87)), IF(OR(F87="Inverno Obbligo 1,5", F87="Inverno Diritto 0,5 + 1"), DATE(YEAR(G87)+1, MONTH(G87)+6, DAY(G87)), IF(F87="Inverno Obbligo 2,5", DATE(YEAR(G87)+2, MONTH(G87)+6, DAY(G87)), G87) ) ) ) ) ) ) -> 46235 | I87: Asta | J87: =VLOOKUP(A87,Asteriscati25!B:N,13,0) -> #N/A | K87: 0 | L87: =VLOOKUP(B87,Rose!B:D,3,0) -> #REF! | M87: =VLOOKUP(B87,FVM_astainv!A:N,14,0) -> 26 | N87: =VLOOKUP(A87,FVM_update!B:N,13,0) -> 21 | O87: =VLOOKUP(B87,'FVM_1luglio-31luglio25'!D:Q,14,0) -> #N/A | P87: =IFERROR(N87,O87) -> 21 | Q87: =IF(OR(F87="Standard",F87="Standard Inverno"),CEILING((M87/10),0.5), IF(OR(F87="Diritto 1+1",M87="Inverno Diritto 0,5 + 1"),CEILING((M87/10)*1.3,0.5), CEILING((M87/10)*1.15,0.5))) -> 3 | R87: =IF(I87="vivaio", 0.5, IF(OR(I87="asta", I87="Svincolato riconferma anno corrente", I87="vivaio", I87="promosso da vivaio"), Q87, IF(OR(I87="asta riparazione", I87="Svincolato obbligo anno precedente", I87="Svincolo pausa invernale"), MAX(0.5, CEILING(Q87 / 2, 0.5)), IF(OR(I87="ceduto in prestito", I87="acquisito in prestito", I87="acquistato tit definitivo", I87="Ceduto tit definitivo"),CEILING(Q87 * K87, 0.5), IF(I87="asteriscato", "inserire a mano", "")))) ) -> 3
A88: =VLOOKUP(B88,FVM_update!A:B,2,0) -> 4856 | B88: Chukwueze | C88: Ceretolo | D88: =VLOOKUP(B88,FVM_update!A:F,6,0) -> Milan | E88: =VLOOKUP(B88,FVM_update!A:E,4,0) -> W | F88: =VLOOKUP(B88,'situazione contratti estate 24'!A:I,9,0) -> Obbligo 1+2 | G88: 45108 | H88: =IF(F88="Vivaio", DATE(2999, 12, 31), IF(F88="Standard", DATE(YEAR(G88)+1, MONTH(G88), DAY(G88)), IF(F88="Standard Inverno", DATE(2026, 7, 1), IF(OR(F88="Diritto 1+1", F88="Obbligo 1+1"), DATE(YEAR(G88)+2, MONTH(G88), DAY(G88)), IF(F88="Obbligo 1+2", DATE(YEAR(G88)+3, MONTH(G88), DAY(G88)), IF(OR(F88="Inverno Obbligo 1,5", F88="Inverno Diritto 0,5 + 1"), DATE(YEAR(G88)+1, MONTH(G88)+6, DAY(G88)), IF(F88="Inverno Obbligo 2,5", DATE(YEAR(G88)+2, MONTH(G88)+6, DAY(G88)), G88) ) ) ) ) ) ) -> 46204 | I88: Svincolato obbligo anno precedente | J88: =VLOOKUP(A88,Asteriscati25!B:N,13,0) -> #N/A | K88: 0 | L88: =VLOOKUP(B88,Rose!B:D,3,0) -> #REF! | M88: =VLOOKUP(B88,FVM_Asta2324!C:M,11,0) -> 75 | N88: =VLOOKUP(A88,FVM_update!B:N,13,0) -> 9 | O88: =VLOOKUP(B88,'FVM_1luglio-31luglio25'!D:Q,14,0) -> 22 | P88: =IFERROR(N88,O88) -> 9 | Q88: =IF(OR(F88="Standard",F88="Standard Inverno"),CEILING((M88/10),0.5), IF(OR(F88="Diritto 1+1",M88="Inverno Diritto 0,5 + 1"),CEILING((M88/10)*1.3,0.5), CEILING((M88/10)*1.15,0.5))) -> 9 | R88: =IF(I88="vivaio", 0.5, IF(OR(I88="asta", I88="Svincolato riconferma anno corrente", I88="vivaio", I88="promosso da vivaio"), Q88, IF(OR(I88="asta riparazione", I88="Svincolato obbligo anno precedente", I88="Svincolo pausa invernale"), MAX(0.5, CEILING(Q88 / 2, 0.5)), IF(OR(I88="ceduto in prestito", I88="acquisito in prestito", I88="acquistato tit definitivo", I88="Ceduto tit definitivo"),CEILING(Q88 * K88, 0.5), IF(I88="asteriscato", "inserire a mano", "")))) ) -> 4.5
A89: =VLOOKUP(B89,FVM_update!A:B,2,0) -> 6642 | B89: Coco | C89: Ceretolo | D89: =VLOOKUP(B89,FVM_update!A:F,6,0) -> Torino | E89: =VLOOKUP(B89,FVM_update!A:E,4,0) -> Dc | F89: Diritto 1+1 | G89: 45474 | H89: =IF(F89="Vivaio", DATE(2999, 12, 31), IF(F89="Standard", DATE(YEAR(G89)+1, MONTH(G89), DAY(G89)), IF(F89="Standard Inverno", DATE(2026, 7, 1), IF(OR(F89="Diritto 1+1", F89="Obbligo 1+1"), DATE(YEAR(G89)+2, MONTH(G89), DAY(G89)), IF(F89="Obbligo 1+2", DATE(YEAR(G89)+3, MONTH(G89), DAY(G89)), IF(OR(F89="Inverno Obbligo 1,5", F89="Inverno Diritto 0,5 + 1"), DATE(YEAR(G89)+1, MONTH(G89)+6, DAY(G89)), IF(F89="Inverno Obbligo 2,5", DATE(YEAR(G89)+2, MONTH(G89)+6, DAY(G89)), G89) ) ) ) ) ) ) -> 46204 | I89: Asta | J89: =VLOOKUP(A89,Asteriscati25!B:N,13,0) -> #N/A | L89: =VLOOKUP(B89,Rose!B:D,3,0) -> #REF! | M89: =VLOOKUP(B89,FVM_Asta2425!A:M,13,0) -> 22 | N89: =VLOOKUP(A89,FVM_update!B:N,13,0) -> 15 | O89: =VLOOKUP(B89,'FVM_1luglio-31luglio25'!D:Q,14,0) -> 20 | P89: =IFERROR(N89,O89) -> 15 | Q89: =IF(OR(F89="Standard",F89="Standard Inverno"),CEILING((M89/10),0.5), IF(OR(F89="Diritto 1+1",M89="Inverno Diritto 0,5 + 1"),CEILING((M89/10)*1.3,0.5), CEILING((M89/10)*1.15,0.5))) -> 3 | R89: =IF(I89="vivaio", 0.5, IF(OR(I89="asta", I89="Svincolato riconferma anno corrente", I89="vivaio", I89="promosso da vivaio"), Q89, IF(OR(I89="asta riparazione", I89="Svincolato obbligo anno precedente", I89="Svincolo pausa invernale"), MAX(0.5, CEILING(Q89 / 2, 0.5)), IF(OR(I89="ceduto in prestito", I89="acquisito in prestito", I89="acquistato tit definitivo", I89="Ceduto tit definitivo"),CEILING(Q89 * K89, 0.5), IF(I89="asteriscato", "inserire a mano", "")))) ) -> 3
A90: =VLOOKUP(B90,FVM_update!A:B,2,0) -> 6665 | B90: COULIBALY W. | C90: Ceretolo | D90: =VLOOKUP(B90,FVM_update!A:F,6,0) -> Sassuolo | E90: =VLOOKUP(B90,FVM_update!A:E,4,0) -> Dd;Ds;E | F90: Standard | G90: 45839 | H90: =IF(F90="Vivaio", DATE(2999, 12, 31), IF(F90="Standard", DATE(YEAR(G90)+1, MONTH(G90), DAY(G90)), IF(F90="Standard Inverno", DATE(2026, 7, 1), IF(OR(F90="Diritto 1+1", F90="Obbligo 1+1"), DATE(YEAR(G90)+2, MONTH(G90), DAY(G90)), IF(F90="Obbligo 1+2", DATE(YEAR(G90)+3, MONTH(G90), DAY(G90)), IF(OR(F90="Inverno Obbligo 1,5", F90="Inverno Diritto 0,5 + 1"), DATE(YEAR(G90)+1, MONTH(G90)+6, DAY(G90)), IF(F90="Inverno Obbligo 2,5", DATE(YEAR(G90)+2, MONTH(G90)+6, DAY(G90)), G90) ) ) ) ) ) ) -> 46204 | I90: Svincolo pausa invernale | J90: =VLOOKUP(A90,Asteriscati25!B:N,13,0) -> 13 | L90: =VLOOKUP(B90,Rose!B:D,3,0) -> #REF! | M90: =VLOOKUP(B90,FVM_Asta2526!A:N,14,0) -> 8 | N90: =VLOOKUP(A90,FVM_update!B:N,13,0) -> 6 | O90: =VLOOKUP(B90,'FVM_1luglio-31luglio25'!D:Q,14,0) -> #N/A | P90: =IFERROR(N90,O90) -> 6 | Q90: =IF(OR(F90="Standard",F90="Standard Inverno"),CEILING((M90/10),0.5), IF(OR(F90="Diritto 1+1",M90="Inverno Diritto 0,5 + 1"),CEILING((M90/10)*1.3,0.5), CEILING((M90/10)*1.15,0.5))) -> 1 | R90: =IF(I90="vivaio", 0.5, IF(OR(I90="asta", I90="Svincolato riconferma anno corrente", I90="vivaio", I90="promosso da vivaio"), Q90, IF(OR(I90="asta riparazione", I90="Svincolato obbligo anno precedente", I90="Svincolo pausa invernale"), MAX(0.5, CEILING(Q90 / 2, 0.5)), IF(OR(I90="ceduto in prestito", I90="acquisito in prestito", I90="acquistato tit definitivo", I90="Ceduto tit definitivo"),CEILING(Q90 * K90, 0.5), IF(I90="asteriscato", "inserire a mano", "")))) ) -> 0.5
A91: =VLOOKUP(B91,FVM_update!A:B,2,0) -> 7276 | B91: Cremaschi | C91: Ceretolo | D91: =VLOOKUP(B91,FVM_update!A:F,6,0) -> Parma | E91: =VLOOKUP(B91,FVM_update!A:E,4,0) -> C | F91: Vivaio | G91: 45839 | H91: =IF(F91="Vivaio", DATE(2999, 12, 31), IF(F91="Standard", DATE(YEAR(G91)+1, MONTH(G91), DAY(G91)), IF(F91="Standard Inverno", DATE(2026, 7, 1), IF(OR(F91="Diritto 1+1", F91="Obbligo 1+1"), DATE(YEAR(G91)+2, MONTH(G91), DAY(G91)), IF(F91="Obbligo 1+2", DATE(YEAR(G91)+3, MONTH(G91), DAY(G91)), IF(OR(F91="Inverno Obbligo 1,5", F91="Inverno Diritto 0,5 + 1"), DATE(YEAR(G91)+1, MONTH(G91)+6, DAY(G91)), IF(F91="Inverno Obbligo 2,5", DATE(YEAR(G91)+2, MONTH(G91)+6, DAY(G91)), G91) ) ) ) ) ) ) -> 401768 | I91: Vivaio | J91: =VLOOKUP(A91,Asteriscati25!B:N,13,0) -> #N/A | L91: =VLOOKUP(B91,Rose!B:D,3,0) -> #REF! | M91: =VLOOKUP(B91,FVM_Asta2526!A:N,14,0) -> 10 | N91: =VLOOKUP(A91,FVM_update!B:N,13,0) -> 8 | O91: =VLOOKUP(B91,'FVM_1luglio-31luglio25'!D:Q,14,0) -> #N/A | P91: =IFERROR(N91,O91) -> 8 | Q91: =IF(OR(F91="Standard",F91="Standard Inverno"),CEILING((M91/10),0.5), IF(OR(F91="Diritto 1+1",M91="Inverno Diritto 0,5 + 1"),CEILING((M91/10)*1.3,0.5), CEILING((M91/10)*1.15,0.5))) -> 1.5 | R91: =IF(I91="vivaio", 0.5, IF(OR(I91="asta", I91="Svincolato riconferma anno corrente", I91="vivaio", I91="promosso da vivaio"), Q91, IF(OR(I91="asta riparazione", I91="Svincolato obbligo anno precedente", I91="Svincolo pausa invernale"), MAX(0.5, CEILING(Q91 / 2, 0.5)), IF(OR(I91="ceduto in prestito", I91="acquisito in prestito", I91="acquistato tit definitivo", I91="Ceduto tit definitivo"),CEILING(Q91 * K91, 0.5), IF(I91="asteriscato", "inserire a mano", "")))) ) -> 0.5
A92: =VLOOKUP(B92,FVM_update!A:B,2,0) -> 5559 | B92: DA CUNHA | C92: Ceretolo | D92: =VLOOKUP(B92,FVM_update!A:F,6,0) -> Como | E92: =VLOOKUP(B92,FVM_update!A:E,4,0) -> C;W;T | F92: Standard | G92: 45839 | H92: =IF(F92="Vivaio", DATE(2999, 12, 31), IF(F92="Standard", DATE(YEAR(G92)+1, MONTH(G92), DAY(G92)), IF(F92="Standard Inverno", DATE(2026, 7, 1), IF(OR(F92="Diritto 1+1", F92="Obbligo 1+1"), DATE(YEAR(G92)+2, MONTH(G92), DAY(G92)), IF(F92="Obbligo 1+2", DATE(YEAR(G92)+3, MONTH(G92), DAY(G92)), IF(OR(F92="Inverno Obbligo 1,5", F92="Inverno Diritto 0,5 + 1"), DATE(YEAR(G92)+1, MONTH(G92)+6, DAY(G92)), IF(F92="Inverno Obbligo 2,5", DATE(YEAR(G92)+2, MONTH(G92)+6, DAY(G92)), G92) ) ) ) ) ) ) -> 46204 | I92: Asta | J92: =VLOOKUP(A92,Asteriscati25!B:N,13,0) -> #N/A | L92: =VLOOKUP(B92,Rose!B:D,3,0) -> #REF! | M92: =VLOOKUP(B92,FVM_Asta2526!A:N,14,0) -> 36 | N92: =VLOOKUP(A92,FVM_update!B:N,13,0) -> 28 | O92: =VLOOKUP(B92,'FVM_1luglio-31luglio25'!D:Q,14,0) -> 33 | P92: =IFERROR(N92,O92) -> 28 | Q92: =IF(OR(F92="Standard",F92="Standard Inverno"),CEILING((M92/10),0.5), IF(OR(F92="Diritto 1+1",M92="Inverno Diritto 0,5 + 1"),CEILING((M92/10)*1.3,0.5), CEILING((M92/10)*1.15,0.5))) -> 4 | R92: =IF(I92="vivaio", 0.5, IF(OR(I92="asta", I92="Svincolato riconferma anno corrente", I92="vivaio", I92="promosso da vivaio"), Q92, IF(OR(I92="asta riparazione", I92="Svincolato obbligo anno precedente", I92="Svincolo pausa invernale"), MAX(0.5, CEILING(Q92 / 2, 0.5)), IF(OR(I92="ceduto in prestito", I92="acquisito in prestito", I92="acquistato tit definitivo", I92="Ceduto tit definitivo"),CEILING(Q92 * K92, 0.5), IF(I92="asteriscato", "inserire a mano", "")))) ) -> 4
A93: =VLOOKUP(B93,FVM_update!A:B,2,0) -> 6967 | B93: Diao | C93: Ceretolo | D93: =VLOOKUP(B93,FVM_update!A:F,6,0) -> Como | E93: =VLOOKUP(B93,FVM_update!A:E,4,0) -> W;A | F93: Inverno Obbligo 1,5 | G93: 45689 | H93: =IF(F93="Vivaio", DATE(2999, 12, 31), IF(F93="Standard", DATE(YEAR(G93)+1, MONTH(G93), DAY(G93)), IF(F93="Standard Inverno", DATE(2026, 7, 1), IF(OR(F93="Diritto 1+1", F93="Obbligo 1+1"), DATE(YEAR(G93)+2, MONTH(G93), DAY(G93)), IF(F93="Obbligo 1+2", DATE(YEAR(G93)+3, MONTH(G93), DAY(G93)), IF(OR(F93="Inverno Obbligo 1,5", F93="Inverno Diritto 0,5 + 1"), DATE(YEAR(G93)+1, MONTH(G93)+6, DAY(G93)), IF(F93="Inverno Obbligo 2,5", DATE(YEAR(G93)+2, MONTH(G93)+6, DAY(G93)), G93) ) ) ) ) ) ) -> 46235 | I93: Asta | J93: =VLOOKUP(A93,Asteriscati25!B:N,13,0) -> #N/A | K93: 0 | L93: =VLOOKUP(B93,Rose!B:D,3,0) -> #REF! | M93: =VLOOKUP(B93,FVM_astainv!A:N,14,0) -> 38 | N93: =VLOOKUP(A93,FVM_update!B:N,13,0) -> 17 | O93: =VLOOKUP(B93,'FVM_1luglio-31luglio25'!D:Q,14,0) -> 64 | P93: =IFERROR(N93,O93) -> 17 | Q93: =IF(OR(F93="Standard",F93="Standard Inverno"),CEILING((M93/10),0.5), IF(OR(F93="Diritto 1+1",M93="Inverno Diritto 0,5 + 1"),CEILING((M93/10)*1.3,0.5), CEILING((M93/10)*1.15,0.5))) -> 4.5 | R93: =IF(I93="vivaio", 0.5, IF(OR(I93="asta", I93="Svincolato riconferma anno corrente", I93="vivaio", I93="promosso da vivaio"), Q93, IF(OR(I93="asta riparazione", I93="Svincolato obbligo anno precedente", I93="Svincolo pausa invernale"), MAX(0.5, CEILING(Q93 / 2, 0.5)), IF(OR(I93="ceduto in prestito", I93="acquisito in prestito", I93="acquistato tit definitivo", I93="Ceduto tit definitivo"),CEILING(Q93 * K93, 0.5), IF(I93="asteriscato", "inserire a mano", "")))) ) -> 4.5
A94: =VLOOKUP(B94,FVM_update!A:B,2,0) -> 787 | B94: DJIMSITI | C94: Ceretolo | D94: =VLOOKUP(B94,FVM_update!A:F,6,0) -> Atalanta | E94: =VLOOKUP(B94,FVM_update!A:E,4,0) -> Dc | F94: Standard | G94: 45839 | H94: =IF(F94="Vivaio", DATE(2999, 12, 31), IF(F94="Standard", DATE(YEAR(G94)+1, MONTH(G94), DAY(G94)), IF(F94="Standard Inverno", DATE(2026, 7, 1), IF(OR(F94="Diritto 1+1", F94="Obbligo 1+1"), DATE(YEAR(G94)+2, MONTH(G94), DAY(G94)), IF(F94="Obbligo 1+2", DATE(YEAR(G94)+3, MONTH(G94), DAY(G94)), IF(OR(F94="Inverno Obbligo 1,5", F94="Inverno Diritto 0,5 + 1"), DATE(YEAR(G94)+1, MONTH(G94)+6, DAY(G94)), IF(F94="Inverno Obbligo 2,5", DATE(YEAR(G94)+2, MONTH(G94)+6, DAY(G94)), G94) ) ) ) ) ) ) -> 46204 | I94: Asta | J94: =VLOOKUP(A94,Asteriscati25!B:N,13,0) -> #N/A | L94: =VLOOKUP(B94,Rose!B:D,3,0) -> #REF! | M94: =VLOOKUP(B94,FVM_Asta2526!A:N,14,0) -> 15 | N94: =VLOOKUP(A94,FVM_update!B:N,13,0) -> 15 | O94: =VLOOKUP(B94,'FVM_1luglio-31luglio25'!D:Q,14,0) -> 19 | P94: =IFERROR(N94,O94) -> 15 | Q94: =IF(OR(F94="Standard",F94="Standard Inverno"),CEILING((M94/10),0.5), IF(OR(F94="Diritto 1+1",M94="Inverno Diritto 0,5 + 1"),CEILING((M94/10)*1.3,0.5), CEILING((M94/10)*1.15,0.5))) -> 1.5 | R94: =IF(I94="vivaio", 0.5, IF(OR(I94="asta", I94="Svincolato riconferma anno corrente", I94="vivaio", I94="promosso da vivaio"), Q94, IF(OR(I94="asta riparazione", I94="Svincolato obbligo anno precedente", I94="Svincolo pausa invernale"), MAX(0.5, CEILING(Q94 / 2, 0.5)), IF(OR(I94="ceduto in prestito", I94="acquisito in prestito", I94="acquistato tit definitivo", I94="Ceduto tit definitivo"),CEILING(Q94 * K94, 0.5), IF(I94="asteriscato", "inserire a mano", "")))) ) -> 1.5
A95: =VLOOKUP(B95,FVM_update!A:B,2,0) -> 5471 | B95: DJURIC | C95: Ceretolo | D95: =VLOOKUP(B95,FVM_update!A:F,6,0) -> Cremonese | E95: =VLOOKUP(B95,FVM_update!A:E,4,0) -> Pc | F95: Standard | G95: 45839 | H95: =IF(F95="Vivaio", DATE(2999, 12, 31), IF(F95="Standard", DATE(YEAR(G95)+1, MONTH(G95), DAY(G95)), IF(F95="Standard Inverno", DATE(2026, 7, 1), IF(OR(F95="Diritto 1+1", F95="Obbligo 1+1"), DATE(YEAR(G95)+2, MONTH(G95), DAY(G95)), IF(F95="Obbligo 1+2", DATE(YEAR(G95)+3, MONTH(G95), DAY(G95)), IF(OR(F95="Inverno Obbligo 1,5", F95="Inverno Diritto 0,5 + 1"), DATE(YEAR(G95)+1, MONTH(G95)+6, DAY(G95)), IF(F95="Inverno Obbligo 2,5", DATE(YEAR(G95)+2, MONTH(G95)+6, DAY(G95)), G95) ) ) ) ) ) ) -> 46204 | I95: Svincolo pausa invernale | J95: =VLOOKUP(A95,Asteriscati25!B:N,13,0) -> #N/A | L95: =VLOOKUP(B95,Rose!B:D,3,0) -> #REF! | M95: =VLOOKUP(B95,FVM_Asta2526!A:N,14,0) -> 11 | N95: =VLOOKUP(A95,FVM_update!B:N,13,0) -> 10 | O95: =VLOOKUP(B95,'FVM_1luglio-31luglio25'!D:Q,14,0) -> 20 | P95: =IFERROR(N95,O95) -> 10 | Q95: =IF(OR(F95="Standard",F95="Standard Inverno"),CEILING((M95/10),0.5), IF(OR(F95="Diritto 1+1",M95="Inverno Diritto 0,5 + 1"),CEILING((M95/10)*1.3,0.5), CEILING((M95/10)*1.15,0.5))) -> 1.5 | R95: =IF(I95="vivaio", 0.5, IF(OR(I95="asta", I95="Svincolato riconferma anno corrente", I95="vivaio", I95="promosso da vivaio"), Q95, IF(OR(I95="asta riparazione", I95="Svincolato obbligo anno precedente", I95="Svincolo pausa invernale"), MAX(0.5, CEILING(Q95 / 2, 0.5)), IF(OR(I95="ceduto in prestito", I95="acquisito in prestito", I95="acquistato tit definitivo", I95="Ceduto tit definitivo"),CEILING(Q95 * K95, 0.5), IF(I95="asteriscato", "inserire a mano", "")))) ) -> 1
A96: =VLOOKUP(B96,FVM_update!A:B,2,0) -> 4502 | B96: GALLO | C96: Ceretolo | D96: =VLOOKUP(B96,FVM_update!A:F,6,0) -> Lecce | E96: =VLOOKUP(B96,FVM_update!A:E,4,0) -> Ds;E | F96: Standard | G96: 45839 | H96: =IF(F96="Vivaio", DATE(2999, 12, 31), IF(F96="Standard", DATE(YEAR(G96)+1, MONTH(G96), DAY(G96)), IF(F96="Standard Inverno", DATE(2026, 7, 1), IF(OR(F96="Diritto 1+1", F96="Obbligo 1+1"), DATE(YEAR(G96)+2, MONTH(G96), DAY(G96)), IF(F96="Obbligo 1+2", DATE(YEAR(G96)+3, MONTH(G96), DAY(G96)), IF(OR(F96="Inverno Obbligo 1,5", F96="Inverno Diritto 0,5 + 1"), DATE(YEAR(G96)+1, MONTH(G96)+6, DAY(G96)), IF(F96="Inverno Obbligo 2,5", DATE(YEAR(G96)+2, MONTH(G96)+6, DAY(G96)), G96) ) ) ) ) ) ) -> 46204 | I96: Asta | J96: =VLOOKUP(A96,Asteriscati25!B:N,13,0) -> #N/A | L96: =VLOOKUP(B96,Rose!B:D,3,0) -> #REF! | M96: =VLOOKUP(B96,FVM_Asta2526!A:N,14,0) -> 15 | N96: =VLOOKUP(A96,FVM_update!B:N,13,0) -> 13 | O96: =VLOOKUP(B96,'FVM_1luglio-31luglio25'!D:Q,14,0) -> 11 | P96: =IFERROR(N96,O96) -> 13 | Q96: =IF(OR(F96="Standard",F96="Standard Inverno"),CEILING((M96/10),0.5), IF(OR(F96="Diritto 1+1",M96="Inverno Diritto 0,5 + 1"),CEILING((M96/10)*1.3,0.5), CEILING((M96/10)*1.15,0.5))) -> 1.5 | R96: =IF(I96="vivaio", 0.5, IF(OR(I96="asta", I96="Svincolato riconferma anno corrente", I96="vivaio", I96="promosso da vivaio"), Q96, IF(OR(I96="asta riparazione", I96="Svincolato obbligo anno precedente", I96="Svincolo pausa invernale"), MAX(0.5, CEILING(Q96 / 2, 0.5)), IF(OR(I96="ceduto in prestito", I96="acquisito in prestito", I96="acquistato tit definitivo", I96="Ceduto tit definitivo"),CEILING(Q96 * K96, 0.5), IF(I96="asteriscato", "inserire a mano", "")))) ) -> 1.5
A97: =VLOOKUP(B97,FVM_update!A:B,2,0) -> 6170 | B97: Gineitis | C97: Ceretolo | D97: =VLOOKUP(B97,FVM_update!A:F,6,0) -> Torino | E97: =VLOOKUP(B97,FVM_update!A:E,4,0) -> C | F97: Obbligo 1+2 | G97: 45474 | H97: =IF(F97="Vivaio", DATE(2999, 12, 31), IF(F97="Standard", DATE(YEAR(G97)+1, MONTH(G97), DAY(G97)), IF(F97="Standard Inverno", DATE(2026, 7, 1), IF(OR(F97="Diritto 1+1", F97="Obbligo 1+1"), DATE(YEAR(G97)+2, MONTH(G97), DAY(G97)), IF(F97="Obbligo 1+2", DATE(YEAR(G97)+3, MONTH(G97), DAY(G97)), IF(OR(F97="Inverno Obbligo 1,5", F97="Inverno Diritto 0,5 + 1"), DATE(YEAR(G97)+1, MONTH(G97)+6, DAY(G97)), IF(F97="Inverno Obbligo 2,5", DATE(YEAR(G97)+2, MONTH(G97)+6, DAY(G97)), G97) ) ) ) ) ) ) -> 46569 | I97: Svincolato riconferma anno corrente | J97: =VLOOKUP(A97,Asteriscati25!B:N,13,0) -> #N/A | L97: =VLOOKUP(B97,Rose!B:D,3,0) -> #REF! | M97: =VLOOKUP(B97,FVM_Asta2425!A:M,13,0) -> 10 | N97: =VLOOKUP(A97,FVM_update!B:N,13,0) -> 11 | O97: =VLOOKUP(B97,'FVM_1luglio-31luglio25'!D:Q,14,0) -> 12 | P97: =IFERROR(N97,O97) -> 11 | Q97: =IF(OR(F97="Standard",F97="Standard Inverno"),CEILING((M97/10),0.5), IF(OR(F97="Diritto 1+1",M97="Inverno Diritto 0,5 + 1"),CEILING((M97/10)*1.3,0.5), CEILING((M97/10)*1.15,0.5))) -> 1.5 | R97: =IF(I97="vivaio", 0.5, IF(OR(I97="asta", I97="Svincolato riconferma anno corrente", I97="vivaio", I97="promosso da vivaio"), Q97, IF(OR(I97="asta riparazione", I97="Svincolato obbligo anno precedente", I97="Svincolo pausa invernale"), MAX(0.5, CEILING(Q97 / 2, 0.5)), IF(OR(I97="ceduto in prestito", I97="acquisito in prestito", I97="acquistato tit definitivo", I97="Ceduto tit definitivo"),CEILING(Q97 * K97, 0.5), IF(I97="asteriscato", "inserire a mano", "")))) ) -> 1.5
A98: =VLOOKUP(B98,FVM_update!A:B,2,0) -> 7179 | B98: ISRAEL | C98: Ceretolo | D98: =VLOOKUP(B98,FVM_update!A:F,6,0) -> Torino | E98: =VLOOKUP(B98,FVM_update!A:E,4,0) -> Por | F98: Standard | G98: 45839 | H98: =IF(F98="Vivaio", DATE(2999, 12, 31), IF(F98="Standard", DATE(YEAR(G98)+1, MONTH(G98), DAY(G98)), IF(F98="Standard Inverno", DATE(2026, 7, 1), IF(OR(F98="Diritto 1+1", F98="Obbligo 1+1"), DATE(YEAR(G98)+2, MONTH(G98), DAY(G98)), IF(F98="Obbligo 1+2", DATE(YEAR(G98)+3, MONTH(G98), DAY(G98)), IF(OR(F98="Inverno Obbligo 1,5", F98="Inverno Diritto 0,5 + 1"), DATE(YEAR(G98)+1, MONTH(G98)+6, DAY(G98)), IF(F98="Inverno Obbligo 2,5", DATE(YEAR(G98)+2, MONTH(G98)+6, DAY(G98)), G98) ) ) ) ) ) ) -> 46204 | I98: Asta | J98: =VLOOKUP(A98,Asteriscati25!B:N,13,0) -> #N/A | L98: =VLOOKUP(B98,Rose!B:D,3,0) -> #REF! | M98: =VLOOKUP(B98,FVM_Asta2526!A:N,14,0) -> 33 | N98: =VLOOKUP(A98,FVM_update!B:N,13,0) -> 1 | O98: =VLOOKUP(B98,'FVM_1luglio-31luglio25'!D:Q,14,0) -> #N/A | P98: =IFERROR(N98,O98) -> 1 | Q98: =IF(OR(F98="Standard",F98="Standard Inverno"),CEILING((M98/10),0.5), IF(OR(F98="Diritto 1+1",M98="Inverno Diritto 0,5 + 1"),CEILING((M98/10)*1.3,0.5), CEILING((M98/10)*1.15,0.5))) -> 3.5 | R98: =IF(I98="vivaio", 0.5, IF(OR(I98="asta", I98="Svincolato riconferma anno corrente", I98="vivaio", I98="promosso da vivaio"), Q98, IF(OR(I98="asta riparazione", I98="Svincolato obbligo anno precedente", I98="Svincolo pausa invernale"), MAX(0.5, CEILING(Q98 / 2, 0.5)), IF(OR(I98="ceduto in prestito", I98="acquisito in prestito", I98="acquistato tit definitivo", I98="Ceduto tit definitivo"),CEILING(Q98 * K98, 0.5), IF(I98="asteriscato", "inserire a mano", "")))) ) -> 3.5
A99: =VLOOKUP(B99,FVM_update!A:B,2,0) -> #N/A | B99: Jasim | C99: Ceretolo | D99: =VLOOKUP(B99,FVM_update!A:F,6,0) -> #N/A | E99: =VLOOKUP(B99,FVM_update!A:E,4,0) -> #N/A | F99: Vivaio | G99: 45474 | H99: =IF(F99="Vivaio", DATE(2999, 12, 31), IF(F99="Standard", DATE(YEAR(G99)+1, MONTH(G99), DAY(G99)), IF(F99="Standard Inverno", DATE(2026, 7, 1), IF(OR(F99="Diritto 1+1", F99="Obbligo 1+1"), DATE(YEAR(G99)+2, MONTH(G99), DAY(G99)), IF(F99="Obbligo 1+2", DATE(YEAR(G99)+3, MONTH(G99), DAY(G99)), IF(OR(F99="Inverno Obbligo 1,5", F99="Inverno Diritto 0,5 + 1"), DATE(YEAR(G99)+1, MONTH(G99)+6, DAY(G99)), IF(F99="Inverno Obbligo 2,5", DATE(YEAR(G99)+2, MONTH(G99)+6, DAY(G99)), G99) ) ) ) ) ) ) -> 401768 | I99: Vivaio | J99: =VLOOKUP(A99,Asteriscati25!B:N,13,0) -> #N/A | K99: 0 | L99: =VLOOKUP(B99,Rose!B:D,3,0) -> #REF! | M99: =VLOOKUP(B99,FVM_Asta2425!A:M,13,0) -> 1 | N99: =VLOOKUP(A99,FVM_update!B:N,13,0) -> #N/A | O99: =VLOOKUP(B99,'FVM_1luglio-31luglio25'!D:Q,14,0) -> #N/A | P99: 0 | Q99: =IF(OR(F99="Standard",F99="Standard Inverno"),CEILING((M99/10),0.5), IF(OR(F99="Diritto 1+1",M99="Inverno Diritto 0,5 + 1"),CEILING((M99/10)*1.3,0.5), CEILING((M99/10)*1.15,0.5))) -> 0.5 | R99: =IF(I99="vivaio", 0.5, IF(OR(I99="asta", I99="Svincolato riconferma anno corrente", I99="vivaio", I99="promosso da vivaio"), Q99, IF(OR(I99="asta riparazione", I99="Svincolato obbligo anno precedente", I99="Svincolo pausa invernale"), MAX(0.5, CEILING(Q99 / 2, 0.5)), IF(OR(I99="ceduto in prestito", I99="acquisito in prestito", I99="acquistato tit definitivo", I99="Ceduto tit definitivo"),CEILING(Q99 * K99, 0.5), IF(I99="asteriscato", "inserire a mano", "")))) ) -> 0.5 | T99: Bimbe di Tonali
A100: =VLOOKUP(B100,FVM_update!A:B,2,0) -> 7128 | B100: KUHN | C100: Ceretolo | D100: =VLOOKUP(B100,FVM_update!A:F,6,0) -> Como | E100: =VLOOKUP(B100,FVM_update!A:E,4,0) -> W;A | F100: Standard | G100: 45839 | H100: =IF(F100="Vivaio", DATE(2999, 12, 31), IF(F100="Standard", DATE(YEAR(G100)+1, MONTH(G100), DAY(G100)), IF(F100="Standard Inverno", DATE(2026, 7, 1), IF(OR(F100="Diritto 1+1", F100="Obbligo 1+1"), DATE(YEAR(G100)+2, MONTH(G100), DAY(G100)), IF(F100="Obbligo 1+2", DATE(YEAR(G100)+3, MONTH(G100), DAY(G100)), IF(OR(F100="Inverno Obbligo 1,5", F100="Inverno Diritto 0,5 + 1"), DATE(YEAR(G100)+1, MONTH(G100)+6, DAY(G100)), IF(F100="Inverno Obbligo 2,5", DATE(YEAR(G100)+2, MONTH(G100)+6, DAY(G100)), G100) ) ) ) ) ) ) -> 46204 | I100: Ceduto tit definitivo | J100: =VLOOKUP(A100,Asteriscati25!B:N,13,0) -> #N/A | K100: 0.6 | L100: =VLOOKUP(B100,Rose!B:D,3,0) -> #REF! | M100: =VLOOKUP(B100,FVM_Asta2526!A:N,14,0) -> 38 | N100: =VLOOKUP(A100,FVM_update!B:N,13,0) -> 14 | O100: =VLOOKUP(B100,'FVM_1luglio-31luglio25'!D:Q,14,0) -> #N/A | P100: =IFERROR(N100,O100) -> 14 | Q100: =IF(OR(F100="Standard",F100="Standard Inverno"),CEILING((M100/10),0.5), IF(OR(F100="Diritto 1+1",M100="Inverno Diritto 0,5 + 1"),CEILING((M100/10)*1.3,0.5), CEILING((M100/10)*1.15,0.5))) -> 4 | R100: =IF(I100="vivaio", 0.5, IF(OR(I100="asta", I100="Svincolato riconferma anno corrente", I100="vivaio", I100="promosso da vivaio"), Q100, IF(OR(I100="asta riparazione", I100="Svincolato obbligo anno precedente", I100="Svincolo pausa invernale"), MAX(0.5, CEILING(Q100 / 2, 0.5)), IF(OR(I100="ceduto in prestito", I100="acquisito in prestito", I100="acquistato tit definitivo", I100="Ceduto tit definitivo"),CEILING(Q100 * K100, 0.5), IF(I100="asteriscato", "inserire a mano", "")))) ) -> 2.5
...

Sheet export asta
A1: Fantacalcio_Id | B1: Nome | C1: Squadra | D1: Squadra_Appartenenza | E1: Ruolo | F1: Ruoli_Mantra | G1: Prezzo | H1: Quotazione | I1: Quotazione_Mantra | J1: cerca v
A2: 4312 | B2: MAIGNAN | C2: S.S. Iperzola | D2: MIL | E2: P | F2: Por | G2: 0 | H2: 20 | I2: 20 | J2: =VLOOKUP(A2,Gestionale_!A:A,1,0) -> 4312
A3: 2815 | B3: TERRACCIANO | C3: S.S. Iperzola | D3: MIL | E3: P | F3: Por | G3: 1 | H3: 1 | I3: 1 | J3: =VLOOKUP(A3,Gestionale_!A:A,1,0) -> 2815
A4: 513 | B4: ACERBI | C4: S.S. Iperzola | D4: INT | E4: D | F4: Dc | G4: 23 | H4: 6 | I4: 6 | J4: =VLOOKUP(A4,Gestionale_!A:A,1,0) -> 513
A5: 2788 | B5: BREMER | C5: S.S. Iperzola | D5: JUV | E5: D | F5: Dc | G5: 0 | H5: 13 | I5: 13 | J5: =VLOOKUP(A5,Gestionale_!A:A,1,0) -> 2788
A6: 4317 | B6: N'DICKA | C6: S.S. Iperzola | D6: ROM | E6: D | F6: Dc | G6: 39 | H6: 7 | I6: 7 | J6: =VLOOKUP(A6,Gestionale_!A:A,1,0) -> 4317
A7: 322 | B7: DE VRIJ | C7: S.S. Iperzola | D7: INT | E7: D | F7: Dc | G7: 10 | H7: 3 | I7: 3 | J7: =VLOOKUP(A7,Gestionale_!A:A,1,0) -> 322
A8: 5835 | B8: BASCHIROTTO | C8: S.S. Iperzola | D8: CRE | E8: D | F8: Dc | G8: 14 | H8: 13 | I8: 13 | J8: =VLOOKUP(A8,Gestionale_!A:A,1,0) -> 5835
A9: 7196 | B9: DENOON | C9: S.S. Iperzola | D9: PIS | E9: D | F9: Dc | G9: 1 | H9: 1 | I9: 1 | J9: =VLOOKUP(A9,Gestionale_!A:A,1,0) -> 7196
A10: 6766 | B10: KELLY L. | C10: S.S. Iperzola | D10: JUV | E10: D | F10: Dc,Ds | G10: 12 | H10: 10 | I10: 11 | J10: =VLOOKUP(A10,Gestionale_!A:A,1,0) -> 6766
A11: 49 | B11: MASINA | C11: S.S. Iperzola | D11: TOR | E11: D | F11: B,Ds,E | G11: 1 | H11: 2 | I11: 2 | J11: =VLOOKUP(A11,Gestionale_!A:A,1,0) -> 49
A12: 5273 | B12: ESTUPINAN | C12: S.S. Iperzola | D12: MIL | E12: D | F12: Ds,E | G12: 25 | H12: 3 | I12: 3 | J12: =VLOOKUP(A12,Gestionale_!A:A,1,0) -> 5273
A13: 2593 | B13: MARTIN | C13: S.S. Iperzola | D13: GEN | E13: D | F13: Ds,E | G13: 23 | H13: 14 | I13: 14 | J13: =VLOOKUP(A13,Gestionale_!A:A,1,0) -> 2593
... A19: 2848 | B19: FRATTESI | C19: S.S. Iperzola | D19: INT | E19: C | F19: C,T | G19: 0 | H19: 4 | I19: 4 | J19: =VLOOKUP(A19,Gestionale_!A:A,1,0) -> 2848
A20: null | B20: STANCIU | C20: S.S. Iperzola | E20: C | F20: C,T | G20: 45 | H20: 1 | I20: 1 | J20: =VLOOKUP(A20,Gestionale_!A:A,1,0) -> #N/A
A21: 4479 | B21: ELMAS | C21: S.S. Iperzola | D21: NAP | E21: C | F21: W,T | G21: 0 | H21: 6 | I21: 6 | J21: =VLOOKUP(A21,Gestionale_!A:A,1,0) -> 4479
A22: 6884 | B22: CONCEICAO | C22: S.S. Iperzola | D22: JUV | E22: C | F22: W,A | G22: 0 | H22: 15 | I22: 14 | J22: =VLOOKUP(A22,Gestionale_!A:A,1,0) -> 6884
A23: 632 | B23: ZACCAGNI | C23: S.S. Iperzola | D23: LAZ | E23: C | F23: W,A | G23: 260 | H23: 14 | I23: 14 | J23: =VLOOKUP(A23,Gestionale_!A:A,1,0) -> 632
A24: 7001 | B24: N'DRI | C24: S.S. Iperzola | D24: LEC | E24: A | F24: W,A | G24: 1 | H24: 10 | I24: 10 | J24: =VLOOKUP(A24,Gestionale_!A:A,1,0) -> 7001
A25: 6875 | B25: PAZ N. | C25: S.S. Iperzola | D25: COM | E25: C | F25: T,A | G25: 300 | H25: 30 | I25: 30 | J25: =VLOOKUP(A25,Gestionale_!A:A,1,0) -> 6875
A26: 2766 | B26: ZANIOLO | C26: S.S. Iperzola | D26: UDI | E26: C | F26: T,A | G26: 11 | H26: 20 | I26: 21 | J26: =VLOOKUP(A26,Gestionale_!A:A,1,0) -> 2766
A27: 785 | B27: IMMOBILE | C27: S.S. Iperzola | D27: BOL | E27: A | F27: Pc | G27: 20 | H27: 5 | I27: 5 | J27: =VLOOKUP(A27,Gestionale_!A:A,1,0) -> 785
A28: 479 | B28: SANABRIA | C28: S.S. Iperzola | D28: CRE | E28: A | F28: Pc | G28: 3 | H28: 6 | I28: 6 | J28: =VLOOKUP(A28,Gestionale_!A:A,1,0) -> 479
A29: 441 | B29: BELOTTI | C29: S.S. Iperzola | D29: CAG | E29: A | F29: Pc | G29: 13 | H29: 8 | I29: 8 | J29: =VLOOKUP(A29,Gestionale_!A:A,1,0) -> 441
A30: 4871 | B30: THURAM | C30: S.S. Iperzola | D30: INT | E30: A | F30: Pc | G30: 0 | H30: 29 | I30: 29 | J30: =VLOOKUP(A30,Gestionale_!A:A,1,0) -> 4871
A31: 531 | B31: BERARDI | C31: S.S. Iperzola | D31: SAS | E31: A | F31: A | G31: 160 | H31: 21 | I31: 21 | J31: =VLOOKUP(A31,Gestionale_!A:A,1,0) -> 531
A32: 2861 | B32: SEMPER | C32: 42Do Ceretolo Fc | D32: PIS | E32: P | F32: Por | G32: 1 | H32: 9 | I32: 9 | J32: =VLOOKUP(A32,Gestionale_!A:A,1,0) -> 2861
... A72: 6916 | B72: AHANOR | C72: Nirvana FC | D72: ATA | E72: D | F72: B,Ds,E | G72: 1 | H72: 5 | I72: 5 | J72: =VLOOKUP(A72,Gestionale_!A:A,1,0) -> 6916
A73: null | B73: POSCH | C73: Nirvana FC | E73: D | F73: Dd,Dc | G73: 0 | H73: 9 | I73: 9 | J73: =VLOOKUP(A73,Gestionale_!A:A,1,0) -> #N/A
A74: 7131 | B74: FLORIANI MUSSOLINI | C74: Nirvana FC | D74: CRE | E74: D | F74: Dd,E | G74: 3 | H74: 4 | I74: 4 | J74: =VLOOKUP(A74,Gestionale_!A:A,1,0) -> 7131
A75: 7146 | B75: TOURÃˆ I. | C75: Nirvana FC | D75: PIS | E75: C | F75: E,M | G75: 28 | H75: 10 | I75: 11 | J75: =VLOOKUP(A75,Gestionale_!A:A,1,0) -> 7146
A76: 5719 | B76: ASLLANI | C76: Nirvana FC | D76: TOR | E76: C | F76: M,C | G76: 1 | H76: 3 | I76: 3 | J76: =VLOOKUP(A76,Gestionale_!A:A,1,0) -> 5719
A77: 6054 | B77: MORO N. | C77: Nirvana FC | D77: BOL | E77: C | F77: M,C | G77: 1 | H77: 8 | I77: 8 | J77: =VLOOKUP(A77,Gestionale_!A:A,1,0) -> 6054
A78: 6024 | B78: SULEMANA I. | C78: Nirvana FC | D78: CAG | E78: C | F78: M,C | G78: 1 | H78: 1 | I78: 1 | J78: =VLOOKUP(A78,Gestionale_!A:A,1,0) -> 6024
A79: 7138 | B79: ORDONEZ C. | C79: Nirvana FC | D79: PAR | E79: C | F79: M,C | G79: 2 | H79: 2 | I79: 2 | J79: =VLOOKUP(A79,Gestionale_!A:A,1,0) -> 7138
A80: 6190 | B80: PISILLI | C80: Nirvana FC | D80: ROM | E80: C | F80: C | G80: 1 | H80: 6 | I80: 6 | J80: =VLOOKUP(A80,Gestionale_!A:A,1,0) -> 6190
A81: 6684 | B81: EKKELENKAMP | C81: Nirvana FC | D81: UDI | E81: C | F81: C,T | G81: 4 | H81: 12 | I81: 12 | J81: =VLOOKUP(A81,Gestionale_!A:A,1,0) -> 6684
A82: 6206 | B82: FABBIAN | C82: Nirvana FC | D82: FIO | E82: C | F82: C,T | G82: 1 | H82: 8 | I82: 8 | J82: =VLOOKUP(A82,Gestionale_!A:A,1,0) -> 6206
A83: 5858 | B83: FERGUSON | C83: Nirvana FC | D83: BOL | E83: C | F83: C,T | G83: 16 | H83: 5 | I83: 5 | J83: =VLOOKUP(A83,Gestionale_!A:A,1,0) -> 5858
A84: 5318 | B84: TRAMONI M. | C84: Nirvana FC | D84: PIS | E84: C | F84: W,T | G84: 1 | H84: 9 | I84: 9 | J84: =VLOOKUP(A84,Gestionale_!A:A,1,0) -> 5318
A85: 6844 | B85: ROWE | C85: Nirvana FC | D85: BOL | E85: C | F85: W,T | G85: 49 | H85: 7 | I85: 7 | J85: =VLOOKUP(A85,Gestionale_!A:A,1,0) -> 6844
... A113: 5687 | B113: VLASIC | C113: MatteoDarmianCalzoni FC | D113: TOR | E113: C | F113: T | G113: 39 | H113: 18 | I113: 18 | J113: =VLOOKUP(A113,Gestionale_!A:A,1,0) -> 5687
A114: null | B114: CARBONI V. | C114: MatteoDarmianCalzoni FC | E114: C | F114: T,A | G114: 41 | H114: 4 | I114: 4 | J114: =VLOOKUP(A114,Gestionale_!A:A,1,0) -> #N/A
A115: 4359 | B115: PICCOLI | C115: MatteoDarmianCalzoni FC | D115: FIO | E115: A | F115: Pc | G115: 20 | H115: 9 | I115: 9 | J115: =VLOOKUP(A115,Gestionale_!A:A,1,0) -> 4359
A116: 6552 | B116: ORBAN G. | C116: MatteoDarmianCalzoni FC | D116: VER | E116: A | F116: Pc | G116: 5 | H116: 20 | I116: 20 | J116: =VLOOKUP(A116,Gestionale_!A:A,1,0) -> 6552
A117: 7071 | B117: ESPOSITO F.P. | C117: MatteoDarmianCalzoni FC | D117: INT | E117: A | F117: Pc | G117: 58 | H117: 18 | I117: 18 | J117: =VLOOKUP(A117,Gestionale_!A:A,1,0) -> 7071
A118: 6314 | B118: OPENDA | C118: MatteoDarmianCalzoni FC | D118: JUV | E118: A | F118: Pc | G118: 118 | H118: 10 | I118: 10 | J118: =VLOOKUP(A118,Gestionale_!A:A,1,0) -> 6314
A119: 313 | B119: MORATA | C119: MatteoDarmianCalzoni FC | D119: COM | E119: A | F119: Pc | G119: 21 | H119: 4 | I119: 4 | J119: =VLOOKUP(A119,Gestionale_!A:A,1,0) -> 313
A120: 505 | B120: BONAZZOLI | C120: MatteoDarmianCalzoni FC | D120: CRE | E120: A | F120: A | G120: 1 | H120: 20 | I120: 20 | J120: =VLOOKUP(A120,Gestionale_!A:A,1,0) -> 505
A121: 7120 | B121: LANG | C121: MatteoDarmianCalzoni FC | D121: NAP | E121: A | F121: A | G121: 10 | H121: 13 | I121: 13 | J121: =VLOOKUP(A121,Gestionale_!A:A,1,0) -> 7120
A122: 6641 | B122: SUZUKI | C122: Le bimbe di Tonali | D122: PAR | E122: P | F122: Por | G122: 11 | H122: 9 | I122: 9 | J122: =VLOOKUP(A122,Gestionale_!A:A,1,0) -> 6641
A123: 6125 | B123: VASQUEZ D. | C123: Le bimbe di Tonali | D123: ROM | E123: P | F123: Por | G123: 1 | H123: 1 | I123: 1 | J123: =VLOOKUP(A123,Gestionale_!A:A,1,0) -> 6125
A124: 5841 | B124: SVILAR | C124: Le bimbe di Tonali | D124: ROM | E124: P | F124: Por | G124: 73 | H124: 19 | I124: 19 | J124: =VLOOKUP(A124,Gestionale_!A:A,1,0) -> 5841
A125: 7202 | B125: NDIAYE | C125: Le bimbe di Tonali | D125: PAR | E125: D | F125: Dc | G125: 1 | H125: 1 | I125: 1 | J125: =VLOOKUP(A125,Gestionale_!A:A,1,0) -> 7202
A126: 7139 | B126: CANESTRELLI | C126: Le bimbe di Tonali | D126: PIS | E126: D | F126: Dc | G126: 1 | H126: 5 | I126: 5 | J126: =VLOOKUP(A126,Gestionale_!A:A,1,0) -> 7139
A127: 6893 | B127: KEMPF | C127: Le bimbe di Tonali | D127: COM | E127: D | F127: Dc | G127: 3 | H127: 14 | I127: 14 | J127: =VLOOKUP(A127,Gestionale_!A:A,1,0) -> 6893
A128: null | B128: MARì | C128: Le bimbe di Tonali | E128: D | F128: Dc | G128: 1 | H128: 2 | I128: 2 | J128: =VLOOKUP(A128,Gestionale_!A:A,1,0) -> #N/A
A129: 4401 | B129: GABBIA | C129: Le bimbe di Tonali | D129: MIL | E129: D | F129: Dc | G129: 1 | H129: 8 | I129: 8 | J129: =VLOOKUP(A129,Gestionale_!A:A,1,0) -> 4401
A130: 7271 | B130: ODOGU | C130: Le bimbe di Tonali | D130: MIL | E130: D | F130: Dc | G130: 1 | H130: 1 | I130: 1 | J130: =VLOOKUP(A130,Gestionale_!A:A,1,0) -> 7271
A131: 4159 | B131: AKANJI | C131: Le bimbe di Tonali | D131: INT | E131: D | F131: Dc | G131: 36 | H131: 11 | I131: 11 | J131: =VLOOKUP(A131,Gestionale_!A:A,1,0) -> 4159
A132: 4210 | B132: MINA | C132: Le bimbe di Tonali | D132: CAG | E132: D | F132: Dc | G132: 4 | H132: 8 | I132: 8 | J132: =VLOOKUP(A132,Gestionale_!A:A,1,0) -> 4210
A133: 6013 | B133: BARBIERI | C133: Le bimbe di Tonali | D133: CRE | E133: D | F133: Ds,Dd,E | G133: 3 | H133: 9 | I133: 9 | J133: =VLOOKUP(A133,Gestionale_!A:A,1,0) -> 6013
A134: 770 | B134: PEZZELLA GIU. | C134: Le bimbe di Tonali | D134: CRE | E134: D | F134: Ds,E | G134: 9 | H134: 4 | I134: 4 | J134: =VLOOKUP(A134,Gestionale_!A:A,1,0) -> 770
A135: 7143 | B135: ANGORI | C135: Le bimbe di Tonali | D135: PIS | E135: D | F135: Ds,E | G135: 14 | H135: 9 | I135: 9 | J135: =VLOOKUP(A135,Gestionale_!A:A,1,0) -> 7143
A136: 7181 | B136: WESLEY | C136: Le bimbe di Tonali | D136: ROM | E136: D | F136: E | G136: 115 | H136: 16 | I136: 16 | J136: =VLOOKUP(A136,Gestionale_!A:A,1,0) -> 7181
A137: 5885 | B137: DODÃ’ | C137: Le bimbe di Tonali | D137: FIO | E137: D | F137: E | G137: 87 | H137: 6 | I137: 7 | J137: =VLOOKUP(A137,Gestionale_!A:A,1,0) -> 5885
A138: 1933 | B138: MANDRAGORA | C138: Le bimbe di Tonali | D138: FIO | E138: C | F138: M,C | G138: 16 | H138: 19 | I138: 19 | J138: =VLOOKUP(A138,Gestionale_!A:A,1,0) -> 1933
A139: 4349 | B139: NICOLUSSI CAVIGLIA | C139: Le bimbe di Tonali | D139: FIO | E139: C | F139: M,C | G139: 30 | H139: 3 | I139: 3 | J139: =VLOOKUP(A139,Gestionale_!A:A,1,0) -> 4349
A140: 5589 | B140: KONÃˆ M. | C140: Le bimbe di Tonali | D140: ROM | E140: C | F140: M,C | G140: 177 | H140: 17 | I140: 17 | J140: =VLOOKUP(A140,Gestionale_!A:A,1,0) -> 5589
... A168: 4465 | B168: FAGIOLI | C168: Woods FC | D168: FIO | E168: C | F168: C | G168: 1 | H168: 8 | I168: 8 | J168: =VLOOKUP(A168,Gestionale_!A:A,1,0) -> 4465
A169: null | B169: GUENDOUZI | C169: Woods FC | E169: C | F169: C | G169: 0 | H169: 13 | I169: 13 | J169: =VLOOKUP(A169,Gestionale_!A:A,1,0) -> #N/A
A170: 4199 | B170: LOFTUS-CHEEK | C170: Woods FC | D170: MIL | E170: C | F170: C,T | G170: 0 | H170: 13 | I170: 13 | J170: =VLOOKUP(A170,Gestionale_!A:A,1,0) -> 4199
A171: 6677 | B171: ADZIC | C171: Woods FC | D171: JUV | E171: C | F171: C,T | G171: 1 | H171: 3 | I171: 3 | J171: =VLOOKUP(A171,Gestionale_!A:A,1,0) -> 6677
A172: 5761 | B172: ZHEGROVA | C172: Woods FC | D172: JUV | E172: C | F172: W | G172: 90 | H172: 9 | I172: 9 | J172: =VLOOKUP(A172,Gestionale_!A:A,1,0) -> 5761
A173: null | B173: BAILEY | C173: Woods FC | E173: C | F173: W,A | G173: 5 | H173: 8 | I173: 3 | J173: =VLOOKUP(A173,Gestionale_!A:A,1,0) -> #N/A
A174: 6831 | B174: NERES | C174: Woods FC | D174: NAP | E174: C | F174: W,A | G174: 0 | H174: 17 | I174: 17 | J174: =VLOOKUP(A174,Gestionale_!A:A,1,0) -> 6831
A175: 4896 | B175: MALDINI | C175: Woods FC | D175: ATA | E175: C | F175: T,A | G175: 7 | H175: 3 | I175: 3 | J175: =VLOOKUP(A175,Gestionale_!A:A,1,0) -> 4896
A176: 2137 | B176: SCAMACCA | C176: Woods FC | D176: ATA | E176: A | F176: Pc | G176: 0 | H176: 22 | I176: 22 | J176: =VLOOKUP(A176,Gestionale_!A:A,1,0) -> 2137
A177: 647 | B177: DZEKO | C177: Woods FC | D177: FIO | E177: A | F177: Pc | G177: 1 | H177: 3 | I177: 3 | J177: =VLOOKUP(A177,Gestionale_!A:A,1,0) -> 647
A178: 4923 | B178: COLOMBO | C178: Woods FC | D178: GEN | E178: A | F178: Pc | G178: 18 | H178: 14 | I178: 14 | J178: =VLOOKUP(A178,Gestionale_!A:A,1,0) -> 4923
A179: 6434 | B179: YILDIZ | C179: Woods FC | D179: JUV | E179: A | F179: A | G179: 0 | H179: 30 | I179: 30 | J179: =VLOOKUP(A179,Gestionale_!A:A,1,0) -> 6434
A180: 4728 | B180: NKUNKU | C180: Woods FC | D180: MIL | E180: A | F180: A | G180: 100 | H180: 17 | I180: 17 | J180: =VLOOKUP(A180,Gestionale_!A:A,1,0) -> 4728
A181: 5918 | B181: SULEMANA K. | C181: Woods FC | D181: ATA | E181: A | F181: A | G181: 1 | H181: 11 | I181: 11 | J181: =VLOOKUP(A181,Gestionale_!A:A,1,0) -> 5918
A182: 4 | B182: SPORTIELLO | C182: Werder Bryan | D182: ATA | E182: P | F182: Por | G182: 1 | H182: 1 | I182: 1 | J182: =VLOOKUP(A182,Gestionale_!A:A,1,0) -> 4
A183: 4431 | B183: CARNESECCHI | C183: Werder Bryan | D183: ATA | E183: P | F183: Por | G183: 0 | H183: 17 | I183: 17 | J183: =VLOOKUP(A183,Gestionale_!A:A,1,0) -> 4431
A184: 4957 | B184: MONTIPÃ’ | C184: Werder Bryan | D184: VER | E184: P | F184: Por | G184: 0 | H184: 9 | I184: 9 | J184: =VLOOKUP(A184,Gestionale_!A:A,1,0) -> 4957
A185: 4665 | B185: MARIPAN | C185: Werder Bryan | D185: TOR | E185: D | F185: Dc | G185: 24 | H185: 11 | I185: 11 | J185: =VLOOKUP(A185,Gestionale_!A:A,1,0) -> 4665
... A236: 5672 | B236: DIA | C236: FC Molino 1980 | D236: LAZ | E236: A | F236: Pc | G236: 1 | H236: 5 | I236: 5 | J236: =VLOOKUP(A236,Gestionale_!A:A,1,0) -> 5672
A237: null | B237: BRAVO | C237: FC Molino 1980 | E237: A | F237: A | G237: 0 | H237: 4 | I237: 4 | J237: =VLOOKUP(A237,Gestionale_!A:A,1,0) -> #N/A
A238: 5734 | B238: SOULÃˆ | C238: FC Molino 1980 | D238: ROM | E238: A | F238: A | G238: 201 | H238: 26 | I238: 26 | J238: =VLOOKUP(A238,Gestionale_!A:A,1,0) -> 5734
A239: 6145 | B239: NGONGE | C239: FC Molino 1980 | D239: TOR | E239: A | F239: A | G239: 1 | H239: 9 | I239: 9 | J239: =VLOOKUP(A239,Gestionale_!A:A,1,0) -> 6145
A240: 4510 | B240: LEAO | C240: FC Molino 1980 | D240: MIL | E240: A | F240: A | G240: 0 | H240: 30 | I240: 30 | J240: =VLOOKUP(A240,Gestionale_!A:A,1,0) -> 4510
A241: 309 | B241: DYBALA | C241: FC Molino 1980 | D241: ROM | E241: A | F241: A | G241: 0 | H241: 13 | I241: 13 | J241: =VLOOKUP(A241,Gestionale_!A:A,1,0) -> 309
A242: 2722 | B242: RAVAGLIA F. | C242: AS Intomatici | D242: BOL | E242: P | F242: Por | G242: 1 | H242: 12 | I242: 12 | J242: =VLOOKUP(A242,Gestionale_!A:A,1,0) -> 2722
A243: 761 | B243: AUDERO | C243: AS Intomatici | D243: CRE | E243: P | F243: Por | G243: 1 | H243: 15 | I243: 15 | J243: =VLOOKUP(A243,Gestionale_!A:A,1,0) -> 761
A244: 133 | B244: SKORUPSKI | C244: AS Intomatici | D244: BOL | E244: P | F244: Por | G244: 34 | H244: 10 | I244: 10 | J244: =VLOOKUP(A244,Gestionale_!A:A,1,0) -> 133
A245: 5603 | B245: PONGRACIC | C245: AS Intomatici | D245: FIO | E245: D | F245: Dc | G245: 10 | H245: 5 | I245: 5 | J245: =VLOOKUP(A245,Gestionale_!A:A,1,0) -> 5603
A246: 2296 | B246: MANCINI | C246: AS Intomatici | D246: ROM | E246: D | F246: Dc | G246: 0 | H246: 10 | I246: 10 | J246: =VLOOKUP(A246,Gestionale_!A:A,1,0) -> 2296
A247: 6042 | B247: LUCUMÃŒ | C247: AS Intomatici | D247: BOL | E247: D | F247: Dc | G247: 17 | H247: 7 | I247: 7 | J247: =VLOOKUP(A247,Gestionale_!A:A,1,0) -> 6042
A248: 6046 | B248: HIEN | C248: AS Intomatici | D248: ATA | E248: D | F248: Dc | G248: 12 | H248: 7 | I248: 7 | J248: =VLOOKUP(A248,Gestionale_!A:A,1,0) -> 6046
...

Sheet BCK_Gestionale
A1: Standard | B1: Giocatore | C1: Squadra Fantacalcio | D1: Squadra Serie A | E1: Ruolo | F1: Tipo contratto | G1: Data acquisto | H1: Scadenza ipotizzata | I1: Tipo Acquisto | J1: (*) Val Asteriscato | K1: SCAMBIO % ingaggio pagato | L1: Valore Acquisto (da leghe) | M1: FVM 24/25 o precedenti | N1: Ultimo FVM | O1: Valore 1 luglio | P1: Valore x Mercato 25/26 | Q1: Ingaggio 36 giornate | R1: Ingaggio reale | S1: Crediti ricevuti da acquisto/scambio | T1: Squadra Proprietaria Originale | U1: NOTE
A2: =VLOOKUP(B2,FVM_astainv!A:B,2,0) -> 133 | B2: Skorupski | C2: AS Intomatici | D2: =VLOOKUP(B2,FVM_astainv!A:F,6,0) -> Bologna | E2: =VLOOKUP(B2,FVM_astainv!A:D,4,0) -> Por | F2: =VLOOKUP(B2,'situazione contratti estate 24'!A:I,9,0) -> Obbligo 1+1 | G2: 45108 | H2: =IF(F2="Vivaio", DATE(2999, 12, 31), IF(F2="Standard", DATE(YEAR(G2)+1, MONTH(G2), DAY(G2)), IF(F2="Standard Inverno", DATE(2025, 7, 1), IF(OR(F2="Diritto 1+1", F2="Obbligo 1+1"), DATE(YEAR(G2)+2, MONTH(G2), DAY(G2)), IF(F2="Obbligo 1+2", DATE(YEAR(G2)+3, MONTH(G2), DAY(G2)), IF(OR(F2="Inverno Obbligo 1,5", F2="Inverno Diritto 0,5 + 1"), DATE(YEAR(G2)+1, MONTH(G2)+6, DAY(G2)), IF(F2="Inverno Obbligo 2,5", DATE(YEAR(G2)+2, MONTH(G2)+6, DAY(G2)), G2) ) ) ) ) ) ) -> 45839 | I2: Svincolo fine anno | J2: =VLOOKUP(A2,Asteriscati25!B:N,13,0) -> #N/A | K2: 0 | L2: =VLOOKUP(B2,Rose!B:D,3,0) -> #REF! | M2: =VLOOKUP(B2,FVM_Asta2324!C:M,11,0) -> 32 | N2: =VLOOKUP(A2,#REF!,13,0) -> #REF! | O2: =VLOOKUP(B2,'FVM_1luglio-31luglio25'!D:Q,14,0) -> 44 | P2: =IFERROR(N2,O2) -> 44 | Q2: =VLOOKUP(B2,'situazione contratti estate 24'!A:K,11,0) -> 4 | R2: =IF(I2="svincolo fine anno", 0, IF(OR(I2="asta", I2="Svincolato riconferma anno corrente", I2="vivaio"), Q2, IF(OR(I2="asta riparazione", I2="Svincolato obbligo anno precedente", I2="Svincolo pausa invernale"), MAX(0.5, CEILING(Q2 / 2, 0.5)), IF(OR(I2="ceduto in prestito", I2="acquisito in prestito", I2="acquistato tit definitivo", I2="Ceduto tit definitivo"), CEILING(Q2 * K2, 0.5), IF(I2="asteriscato", "inserire a mano", ""))))) -> 0
A3: =VLOOKUP(B3,FVM_astainv!A:B,2,0) -> 4887 | B3: Bellanova | C3: AS Intomatici | D3: =VLOOKUP(B3,FVM_astainv!A:F,6,0) -> Atalanta | E3: =VLOOKUP(B3,FVM_astainv!A:D,4,0) -> E | F3: =VLOOKUP(B3,'situazione contratti estate 24'!A:I,9,0) -> Obbligo 1+1 | G3: 45108 | H3: =IF(F3="Vivaio", DATE(2999, 12, 31), IF(F3="Standard", DATE(YEAR(G3)+1, MONTH(G3), DAY(G3)), IF(F3="Standard Inverno", DATE(2025, 7, 1), IF(OR(F3="Diritto 1+1", F3="Obbligo 1+1"), DATE(YEAR(G3)+2, MONTH(G3), DAY(G3)), IF(F3="Obbligo 1+2", DATE(YEAR(G3)+3, MONTH(G3), DAY(G3)), IF(OR(F3="Inverno Obbligo 1,5", F3="Inverno Diritto 0,5 + 1"), DATE(YEAR(G3)+1, MONTH(G3)+6, DAY(G3)), IF(F3="Inverno Obbligo 2,5", DATE(YEAR(G3)+2, MONTH(G3)+6, DAY(G3)), G3) ) ) ) ) ) ) -> 45839 | I3: Svincolo fine anno | J3: =VLOOKUP(A3,Asteriscati25!B:N,13,0) -> #N/A | K3: 0 | L3: =VLOOKUP(B3,Rose!B:D,3,0) -> #REF! | M3: =VLOOKUP(B3,FVM_Asta2324!C:M,11,0) -> 26 | N3: =VLOOKUP(A3,#REF!,13,0) -> #REF! | O3: =VLOOKUP(B3,'FVM_1luglio-31luglio25'!D:Q,14,0) -> 44 | P3: =IFERROR(N3,O3) -> 44 | Q3: =VLOOKUP(B3,'situazione contratti estate 24'!A:K,11,0) -> 3 | R3: =IF(OR(I3="asta", I3="Svincolato riconferma anno corrente", I3="vivaio"), Q3, IF(OR(I3="asta riparazione", I3="Svincolato obbligo anno precedente", I3="Svincolo pausa invernale"), MAX(0.5, CEILING(Q3 / 2, 0.5)), IF(OR(I3="ceduto in prestito", I3="acquisito in prestito", I3="acquistato tit definitivo", I3="Ceduto tit definitivo"),CEILING(Q3 * K3, 0.5), IF(I3="asteriscato", "inserire a mano", ""))))
A4: =VLOOKUP(B4,FVM_astainv!A:B,2,0) -> #N/A | B4: Danilo | C4: AS Intomatici | D4: =VLOOKUP(B4,FVM_astainv!A:F,6,0) -> #N/A | E4: =VLOOKUP(B4,FVM_astainv!A:D,4,0) -> #N/A | F4: =VLOOKUP(B4,'situazione contratti estate 24'!A:I,9,0) -> Diritto 1+1 | G4: 45108 | H4: =IF(F4="Vivaio", DATE(2999, 12, 31), IF(F4="Standard", DATE(YEAR(G4)+1, MONTH(G4), DAY(G4)), IF(F4="Standard Inverno", DATE(2025, 7, 1), IF(OR(F4="Diritto 1+1", F4="Obbligo 1+1"), DATE(YEAR(G4)+2, MONTH(G4), DAY(G4)), IF(F4="Obbligo 1+2", DATE(YEAR(G4)+3, MONTH(G4), DAY(G4)), IF(OR(F4="Inverno Obbligo 1,5", F4="Inverno Diritto 0,5 + 1"), DATE(YEAR(G4)+1, MONTH(G4)+6, DAY(G4)), IF(F4="Inverno Obbligo 2,5", DATE(YEAR(G4)+2, MONTH(G4)+6, DAY(G4)), G4) ) ) ) ) ) ) -> 45839 | I4: Svincolo fine anno | J4: =VLOOKUP(A4,Asteriscati25!B:N,13,0) -> #N/A | K4: 0.2 | L4: =VLOOKUP(B4,Rose!B:D,3,0) -> #REF! | M4: =VLOOKUP(B4,FVM_Asta2324!C:M,11,0) -> 48 | N4: 0 | O4: =VLOOKUP(B4,'FVM_1luglio-31luglio25'!D:Q,14,0) -> #N/A | P4: =IFERROR(N4,O4) -> 0 | Q4: =VLOOKUP(B4,'situazione contratti estate 24'!A:K,11,0) -> 6.5 | R4: =IF(OR(I4="asta", I4="Svincolato riconferma anno corrente", I4="vivaio"), Q4, IF(OR(I4="asta riparazione", I4="Svincolato obbligo anno precedente", I4="Svincolo pausa invernale"), MAX(0.5, CEILING(Q4 / 2, 0.5)), IF(OR(I4="ceduto in prestito", I4="acquisito in prestito", I4="acquistato tit definitivo", I4="Ceduto tit definitivo"),CEILING(Q4 * K4, 0.5), IF(I4="asteriscato", "inserire a mano", "")))) | T4: AS Intomatici | U4: da avere 13 crediti da Bimbe
A5: =VLOOKUP(B5,FVM_astainv!A:B,2,0) -> 4287 | B5: Lobotka | C5: AS Intomatici | D5: =VLOOKUP(B5,FVM_astainv!A:F,6,0) -> Napoli | E5: =VLOOKUP(B5,FVM_astainv!A:D,4,0) -> M;C | F5: =VLOOKUP(B5,'situazione contratti estate 24'!A:I,9,0) -> Obbligo 1+1 | G5: 45108 | H5: =IF(F5="Vivaio", DATE(2999, 12, 31), IF(F5="Standard", DATE(YEAR(G5)+1, MONTH(G5), DAY(G5)), IF(F5="Standard Inverno", DATE(2025, 7, 1), IF(OR(F5="Diritto 1+1", F5="Obbligo 1+1"), DATE(YEAR(G5)+2, MONTH(G5), DAY(G5)), IF(F5="Obbligo 1+2", DATE(YEAR(G5)+3, MONTH(G5), DAY(G5)), IF(OR(F5="Inverno Obbligo 1,5", F5="Inverno Diritto 0,5 + 1"), DATE(YEAR(G5)+1, MONTH(G5)+6, DAY(G5)), IF(F5="Inverno Obbligo 2,5", DATE(YEAR(G5)+2, MONTH(G5)+6, DAY(G5)), G5) ) ) ) ) ) ) -> 45839 | I5: Svincolo fine anno | J5: =VLOOKUP(A5,Asteriscati25!B:N,13,0) -> #N/A | K5: 0 | L5: =VLOOKUP(B5,Rose!B:D,3,0) -> #REF! | M5: =VLOOKUP(B5,FVM_Asta2324!C:M,11,0) -> 36 | N5: =VLOOKUP(A5,#REF!,13,0) -> #REF! | O5: =VLOOKUP(B5,'FVM_1luglio-31luglio25'!D:Q,14,0) -> 21 | P5: =IFERROR(N5,O5) -> 21 | Q5: =VLOOKUP(B5,'situazione contratti estate 24'!A:K,11,0) -> 4.5 | R5: =IF(OR(I5="asta", I5="Svincolato riconferma anno corrente", I5="vivaio"), Q5, IF(OR(I5="asta riparazione", I5="Svincolato obbligo anno precedente", I5="Svincolo pausa invernale"), MAX(0.5, CEILING(Q5 / 2, 0.5)), IF(OR(I5="ceduto in prestito", I5="acquisito in prestito", I5="acquistato tit definitivo", I5="Ceduto tit definitivo"),CEILING(Q5 * K5, 0.5), IF(I5="asteriscato", "inserire a mano", ""))))
A6: =VLOOKUP(B6,FVM_astainv!A:B,2,0) -> 1870 | B6: Barella | C6: AS Intomatici | D6: =VLOOKUP(B6,FVM_astainv!A:F,6,0) -> Inter | E6: =VLOOKUP(B6,FVM_astainv!A:D,4,0) -> C | F6: =VLOOKUP(B6,'situazione contratti estate 24'!A:I,9,0) -> Obbligo 1+1 | G6: 45108 | H6: =IF(F6="Vivaio", DATE(2999, 12, 31), IF(F6="Standard", DATE(YEAR(G6)+1, MONTH(G6), DAY(G6)), IF(F6="Standard Inverno", DATE(2025, 7, 1), IF(OR(F6="Diritto 1+1", F6="Obbligo 1+1"), DATE(YEAR(G6)+2, MONTH(G6), DAY(G6)), IF(F6="Obbligo 1+2", DATE(YEAR(G6)+3, MONTH(G6), DAY(G6)), IF(OR(F6="Inverno Obbligo 1,5", F6="Inverno Diritto 0,5 + 1"), DATE(YEAR(G6)+1, MONTH(G6)+6, DAY(G6)), IF(F6="Inverno Obbligo 2,5", DATE(YEAR(G6)+2, MONTH(G6)+6, DAY(G6)), G6) ) ) ) ) ) ) -> 45839 | I6: Svincolo fine anno | J6: =VLOOKUP(A6,Asteriscati25!B:N,13,0) -> #N/A | K6: 0 | L6: =VLOOKUP(B6,Rose!B:D,3,0) -> #REF! | M6: =VLOOKUP(B6,FVM_Asta2324!C:M,11,0) -> 78 | N6: =VLOOKUP(A6,#REF!,13,0) -> #REF! | O6: =VLOOKUP(B6,'FVM_1luglio-31luglio25'!D:Q,14,0) -> 61 | P6: =IFERROR(N6,O6) -> 61 | Q6: =VLOOKUP(B6,'situazione contratti estate 24'!A:K,11,0) -> 9 | R6: =IF(OR(I6="asta", I6="Svincolato riconferma anno corrente", I6="vivaio"), Q6, IF(OR(I6="asta riparazione", I6="Svincolato obbligo anno precedente", I6="Svincolo pausa invernale"), MAX(0.5, CEILING(Q6 / 2, 0.5)), IF(OR(I6="ceduto in prestito", I6="acquisito in prestito", I6="acquistato tit definitivo", I6="Ceduto tit definitivo"),CEILING(Q6 * K6, 0.5), IF(I6="asteriscato", "inserire a mano", ""))))
A7: =VLOOKUP(B7,FVM_astainv!A:B,2,0) -> 5800 | B7: Gudmundsson A. | C7: AS Intomatici | D7: =VLOOKUP(B7,FVM_astainv!A:F,6,0) -> Fiorentina | E7: =VLOOKUP(B7,FVM_astainv!A:D,4,0) -> A | F7: =VLOOKUP(B7,'situazione contratti estate 24'!A:I,9,0) -> Diritto 1+1 | G7: 45108 | H7: =IF(F7="Vivaio", DATE(2999, 12, 31), IF(F7="Standard", DATE(YEAR(G7)+1, MONTH(G7), DAY(G7)), IF(F7="Standard Inverno", DATE(2025, 7, 1), IF(OR(F7="Diritto 1+1", F7="Obbligo 1+1"), DATE(YEAR(G7)+2, MONTH(G7), DAY(G7)), IF(F7="Obbligo 1+2", DATE(YEAR(G7)+3, MONTH(G7), DAY(G7)), IF(OR(F7="Inverno Obbligo 1,5", F7="Inverno Diritto 0,5 + 1"), DATE(YEAR(G7)+1, MONTH(G7)+6, DAY(G7)), IF(F7="Inverno Obbligo 2,5", DATE(YEAR(G7)+2, MONTH(G7)+6, DAY(G7)), G7) ) ) ) ) ) ) -> 45839 | I7: Svincolo fine anno | J7: =VLOOKUP(A7,Asteriscati25!B:N,13,0) -> #N/A | K7: 0 | L7: =VLOOKUP(B7,Rose!B:D,3,0) -> #REF! | M7: =VLOOKUP(B7,FVM_Asta2324!C:M,11,0) -> 58 | N7: =VLOOKUP(A7,#REF!,13,0) -> #REF! | O7: =VLOOKUP(B7,'FVM_1luglio-31luglio25'!D:Q,14,0) -> 105 | P7: =IFERROR(N7,O7) -> 105 | Q7: =VLOOKUP(B7,'situazione contratti estate 24'!A:K,11,0) -> 8 | R7: =IF(OR(I7="asta", I7="Svincolato riconferma anno corrente", I7="vivaio"), Q7, IF(OR(I7="asta riparazione", I7="Svincolato obbligo anno precedente", I7="Svincolo pausa invernale"), MAX(0.5, CEILING(Q7 / 2, 0.5)), IF(OR(I7="ceduto in prestito", I7="acquisito in prestito", I7="acquistato tit definitivo", I7="Ceduto tit definitivo"),CEILING(Q7 * K7, 0.5), IF(I7="asteriscato", "inserire a mano", ""))))
A8: =VLOOKUP(B8,FVM_astainv!A:B,2,0) -> 6664 | B8: Delprato | C8: AS Intomatici | D8: =VLOOKUP(B8,FVM_astainv!A:F,6,0) -> Parma | E8: =VLOOKUP(B8,FVM_astainv!A:D,4,0) -> B;Dd;E | F8: Standard | G8: 45474 | H8: =IF(F8="Vivaio", DATE(2999, 12, 31), IF(F8="Standard", DATE(YEAR(G8)+1, MONTH(G8), DAY(G8)), IF(F8="Standard Inverno", DATE(2025, 7, 1), IF(OR(F8="Diritto 1+1", F8="Obbligo 1+1"), DATE(YEAR(G8)+2, MONTH(G8), DAY(G8)), IF(F8="Obbligo 1+2", DATE(YEAR(G8)+3, MONTH(G8), DAY(G8)), IF(OR(F8="Inverno Obbligo 1,5", F8="Inverno Diritto 0,5 + 1"), DATE(YEAR(G8)+1, MONTH(G8)+6, DAY(G8)), IF(F8="Inverno Obbligo 2,5", DATE(YEAR(G8)+2, MONTH(G8)+6, DAY(G8)), G8) ) ) ) ) ) ) -> 45839 | I8: Ceduto tit definitivo | J8: =VLOOKUP(A8,Asteriscati25!B:N,13,0) -> #N/A | K8: 0.6 | L8: =VLOOKUP(B8,Rose!B:D,3,0) -> #REF! | M8: =VLOOKUP(B8,FVM_Asta2425!A:M,13,0) -> 16 | N8: =VLOOKUP(A8,#REF!,13,0) -> #REF! | O8: =VLOOKUP(B8,'FVM_1luglio-31luglio25'!D:Q,14,0) -> 20 | P8: =IFERROR(N8,O8) -> 20 | Q8: =IF(F8="Standard",CEILING((M8/10),0.5), IF(OR(F8="Diritto 1+1",M8="Inverno Diritto 0,5 + 1"),CEILING((M8/10)*1.3,0.5), CEILING((M8/10)*1.15,0.5))) -> 2 | R8: =IF(OR(I8="asta", I8="Svincolato riconferma anno corrente", I8="vivaio"), Q8, IF(OR(I8="asta riparazione", I8="Svincolato obbligo anno precedente", I8="Svincolo pausa invernale"), MAX(0.5, CEILING(Q8 / 2, 0.5)), IF(OR(I8="ceduto in prestito", I8="acquisito in prestito", I8="acquistato tit definitivo", I8="Ceduto tit definitivo"),CEILING(Q8 * K8, 0.5), IF(I8="asteriscato", "inserire a mano", "")))) -> 1.5 | T8: AS Intomatici
A9: =VLOOKUP(B9,FVM_astainv!A:B,2,0) -> 4772 | B9: Angelino | C9: AS Intomatici | D9: =VLOOKUP(B9,FVM_astainv!A:F,6,0) -> Roma | E9: =VLOOKUP(B9,FVM_astainv!A:D,4,0) -> Ds;E | F9: Standard | G9: 45474 | H9: =IF(F9="Vivaio", DATE(2999, 12, 31), IF(F9="Standard", DATE(YEAR(G9)+1, MONTH(G9), DAY(G9)), IF(F9="Standard Inverno", DATE(2025, 7, 1), IF(OR(F9="Diritto 1+1", F9="Obbligo 1+1"), DATE(YEAR(G9)+2, MONTH(G9), DAY(G9)), IF(F9="Obbligo 1+2", DATE(YEAR(G9)+3, MONTH(G9), DAY(G9)), IF(OR(F9="Inverno Obbligo 1,5", F9="Inverno Diritto 0,5 + 1"), DATE(YEAR(G9)+1, MONTH(G9)+6, DAY(G9)), IF(F9="Inverno Obbligo 2,5", DATE(YEAR(G9)+2, MONTH(G9)+6, DAY(G9)), G9) ) ) ) ) ) ) -> 45839 | I9: Asta | J9: =VLOOKUP(A9,Asteriscati25!B:N,13,0) -> #N/A | K9: 0 | L9: =VLOOKUP(B9,Rose!B:D,3,0) -> #REF! | M9: =VLOOKUP(B9,FVM_Asta2425!A:M,13,0) -> 27 | N9: =VLOOKUP(A9,#REF!,13,0) -> #REF! | O9: =VLOOKUP(B9,'FVM_1luglio-31luglio25'!D:Q,14,0) -> 35 | P9: =IFERROR(N9,O9) -> 35 | Q9: =IF(F9="Standard",CEILING((M9/10),0.5), IF(OR(F9="Diritto 1+1",M9="Inverno Diritto 0,5 + 1"),CEILING((M9/10)*1.3,0.5), CEILING((M9/10)*1.15,0.5))) -> 3 | R9: =IF(OR(I9="asta", I9="Svincolato riconferma anno corrente", I9="vivaio"), Q9, IF(OR(I9="asta riparazione", I9="Svincolato obbligo anno precedente", I9="Svincolo pausa invernale"), MAX(0.5, CEILING(Q9 / 2, 0.5)), IF(OR(I9="ceduto in prestito", I9="acquisito in prestito", I9="acquistato tit definitivo", I9="Ceduto tit definitivo"),CEILING(Q9 * K9, 0.5), IF(I9="asteriscato", "inserire a mano", "")))) -> 3
A10: =VLOOKUP(B10,FVM_astainv!A:B,2,0) -> 4421 | B10: Augello | C10: AS Intomatici | D10: =VLOOKUP(B10,FVM_astainv!A:F,6,0) -> Cagliari | E10: =VLOOKUP(B10,FVM_astainv!A:D,4,0) -> Ds;E | F10: Standard | G10: 45474 | H10: =IF(F10="Vivaio", DATE(2999, 12, 31), IF(F10="Standard", DATE(YEAR(G10)+1, MONTH(G10), DAY(G10)), IF(F10="Standard Inverno", DATE(2025, 7, 1), IF(OR(F10="Diritto 1+1", F10="Obbligo 1+1"), DATE(YEAR(G10)+2, MONTH(G10), DAY(G10)), IF(F10="Obbligo 1+2", DATE(YEAR(G10)+3, MONTH(G10), DAY(G10)), IF(OR(F10="Inverno Obbligo 1,5", F10="Inverno Diritto 0,5 + 1"), DATE(YEAR(G10)+1, MONTH(G10)+6, DAY(G10)), IF(F10="Inverno Obbligo 2,5", DATE(YEAR(G10)+2, MONTH(G10)+6, DAY(G10)), G10) ) ) ) ) ) ) -> 45839 | I10: Asta | J10: =VLOOKUP(A10,Asteriscati25!B:N,13,0) -> #N/A | K10: 0 | L10: =VLOOKUP(B10,Rose!B:D,3,0) -> #REF! | M10: =VLOOKUP(B10,FVM_Asta2425!A:M,13,0) -> 8 | N10: =VLOOKUP(A10,#REF!,13,0) -> #REF! | O10: =VLOOKUP(B10,'FVM_1luglio-31luglio25'!D:Q,14,0) -> 18 | P10: =IFERROR(N10,O10) -> 18 | Q10: =IF(F10="Standard",CEILING((M10/10),0.5), IF(OR(F10="Diritto 1+1",M10="Inverno Diritto 0,5 + 1"),CEILING((M10/10)*1.3,0.5), CEILING((M10/10)*1.15,0.5))) -> 1 | R10: =IF(OR(I10="asta", I10="Svincolato riconferma anno corrente", I10="vivaio"), Q10, IF(OR(I10="asta riparazione", I10="Svincolato obbligo anno precedente", I10="Svincolo pausa invernale"), MAX(0.5, CEILING(Q10 / 2, 0.5)), IF(OR(I10="ceduto in prestito", I10="acquisito in prestito", I10="acquistato tit definitivo", I10="Ceduto tit definitivo"),CEILING(Q10 * K10, 0.5), IF(I10="asteriscato", "inserire a mano", "")))) -> 1
